frame nummer,LabelName,XMin,XMax,YMin,YMax
51,pimg,1053,1280,249,618
52,pimg,1053,1280,249,618
55,pimg,1053,1280,249,618
56,pimg,1054,1280,249,618
60,pimg,265,435,386,684
61,pimg,265,435,386,684
62,pimg,265,435,386,684
63,pimg,266,435,386,684
66,pimg,266,436,386,684
88,pimg,1057,1284,245,614
89,pimg,1057,1284,245,614
90,pimg,1057,1284,245,614
91,pimg,1057,1284,245,614
109,pimg,1426,1639,248,608
110,pimg,1426,1639,249,608
111,pimg,1426,1639,248,607
112,pimg,1427,1640,247,607
113,pimg,1427,1640,247,606
114,pimg,1428,1641,246,606
115,pimg,1428,1641,246,605
116,pimg,1429,1642,245,605
117,pimg,1429,1642,245,604
118,pimg,1430,1643,244,604
119,pimg,1430,1643,244,603
120,pimg,1431,1644,243,602
516,pimg,0,54,281,593
517,pimg,0,59,281,593
518,pimg,0,64,281,593
519,pimg,0,68,281,593
520,pimg,0,69,281,593
521,pimg,0,70,281,593
522,pimg,0,70,281,593
523,pimg,0,73,281,597
524,pimg,0,76,281,601
525,pimg,0,78,281,605
526,pimg,0,78,281,605
527,pimg,0,78,281,606
528,pimg,0,78,281,607
529,pimg,0,78,281,608
530,pimg,0,78,281,609
531,pimg,0,78,281,610
532,pimg,0,75,281,613
533,pimg,0,72,281,616
534,pimg,0,69,281,618
535,pimg,0,66,281,621
536,pimg,0,65,281,621
537,pimg,0,65,281,621
538,pimg,0,65,281,621
539,pimg,0,64,281,621
540,pimg,0,64,281,621
541,pimg,0,63,281,622
542,pimg,0,62,281,623
543,pimg,0,61,281,625
544,pimg,0,60,281,626
545,pimg,0,59,281,627
546,pimg,0,59,282,628
547,pimg,0,59,282,629
548,pimg,0,59,283,629
549,pimg,0,59,283,630
550,pimg,0,59,284,630
551,pimg,0,59,285,631
552,pimg,0,59,285,632
553,pimg,0,58,286,632
554,pimg,0,58,287,633
555,pimg,0,58,287,634
556,pimg,0,58,288,634
557,pimg,0,58,288,635
558,pimg,0,58,289,635
559,pimg,0,58,290,636
560,pimg,0,58,290,637
561,pimg,0,58,291,637
562,pimg,0,57,292,638
563,pimg,0,57,292,639
564,pimg,0,57,293,639
565,pimg,0,57,294,640
566,pimg,0,57,294,640
567,pimg,0,57,294,641
568,pimg,0,57,295,641
569,pimg,0,57,295,641
570,pimg,0,57,295,642
571,pimg,0,56,296,642
572,pimg,0,56,296,642
573,pimg,0,56,296,643
574,pimg,0,56,297,643
575,pimg,0,56,297,644
576,pimg,0,56,298,644
577,pimg,0,56,298,644
578,pimg,0,56,298,645
579,pimg,0,56,299,645
580,pimg,0,55,299,645
581,pimg,0,55,299,646
582,pimg,0,55,300,646
583,pimg,0,55,300,647
584,pimg,0,55,301,647
585,pimg,0,55,301,647
586,pimg,0,55,301,647
587,pimg,0,55,301,647
588,pimg,0,55,301,647
589,pimg,0,55,301,647
590,pimg,0,55,301,647
591,pimg,0,55,301,647
592,pimg,0,55,301,647
593,pimg,0,55,301,647
594,pimg,0,56,301,647
595,pimg,0,56,301,647
596,pimg,0,56,301,647
597,pimg,0,56,301,647
598,pimg,0,56,301,647
599,pimg,0,56,301,647
600,pimg,0,56,301,647
601,pimg,0,56,301,647
602,pimg,0,56,301,647
603,pimg,0,56,301,647
604,pimg,0,56,301,647
605,pimg,0,56,301,647
606,pimg,0,56,301,647
607,pimg,0,56,301,647
608,pimg,0,57,301,647
609,pimg,0,57,301,647
610,pimg,0,57,301,647
611,pimg,0,57,301,647
612,pimg,0,57,301,647
613,pimg,0,57,301,647
614,pimg,0,57,301,647
615,pimg,0,57,301,647
616,pimg,0,57,301,647
617,pimg,0,57,301,647
618,pimg,0,57,301,647
619,pimg,0,57,301,647
620,pimg,0,57,301,647
621,pimg,0,57,301,647
622,pimg,0,58,301,647
623,pimg,0,58,301,647
624,pimg,0,58,301,647
625,pimg,0,58,301,647
626,pimg,0,58,301,647
627,pimg,0,58,301,647
628,pimg,0,59,301,647
629,pimg,0,59,301,647
630,pimg,0,59,301,647
631,pimg,0,60,301,647
632,pimg,0,60,301,647
633,pimg,0,60,301,647
634,pimg,0,61,301,647
635,pimg,0,61,301,647
636,pimg,0,62,301,647
637,pimg,0,62,301,647
638,pimg,0,62,301,647
639,pimg,0,63,301,647
640,pimg,0,63,301,647
641,pimg,0,64,301,647
642,pimg,0,65,301,647
643,pimg,0,65,301,647
644,pimg,0,66,301,647
645,pimg,0,67,301,647
646,pimg,0,68,301,647
647,pimg,0,69,301,647
648,pimg,0,69,301,647
649,pimg,0,70,301,647
650,pimg,0,71,301,647
651,pimg,0,72,301,647
652,pimg,0,73,301,647
653,pimg,0,73,301,647
654,pimg,0,74,301,647
655,pimg,0,74,301,647
656,pimg,0,74,301,647
657,pimg,0,74,301,647
658,pimg,0,74,301,647
659,pimg,0,74,301,647
660,pimg,0,74,301,647
661,pimg,0,74,301,647
662,pimg,0,74,301,647
663,pimg,0,74,301,647
664,pimg,0,74,301,647
665,pimg,0,74,301,647
666,pimg,0,74,301,647
667,pimg,0,74,301,647
668,pimg,0,74,301,647
669,pimg,0,74,301,647
670,pimg,0,74,301,647
671,pimg,0,74,301,647
672,pimg,0,74,301,647
673,pimg,0,74,301,647
674,pimg,0,74,301,647
675,pimg,0,74,301,647
676,pimg,0,74,301,647
677,pimg,0,74,301,647
678,pimg,0,74,301,647
679,pimg,0,74,301,647
680,pimg,0,74,301,647
681,pimg,0,74,301,647
682,pimg,0,74,301,647
683,pimg,0,74,301,647
684,pimg,0,74,301,647
685,pimg,0,74,301,647
686,pimg,0,74,301,647
687,pimg,0,74,301,647
688,pimg,0,74,301,647
689,pimg,0,74,301,647
690,pimg,0,74,301,647
691,pimg,0,74,301,647
692,pimg,0,74,301,647
693,pimg,0,74,301,647
694,pimg,0,74,301,647
695,pimg,0,74,301,647
696,pimg,0,74,301,647
697,pimg,0,74,301,647
698,pimg,0,74,301,647
699,pimg,0,74,301,647
700,pimg,0,74,301,647
701,pimg,0,74,301,647
702,pimg,0,74,301,647
703,pimg,0,74,301,647
716,pimg,412,582,308,547
717,pimg,411,582,308,547
722,pimg,1136,1375,164,528
722,pimg,409,579,308,546
723,pimg,1136,1375,164,528
723,pimg,408,579,308,546
724,pimg,1135,1374,164,528
724,pimg,408,578,308,546
725,pimg,1135,1373,164,528
725,pimg,407,578,308,546
726,pimg,1134,1373,164,528
729,pimg,1132,1371,164,528
792,pimg,1189,1407,157,521
793,pimg,1189,1407,161,521
794,pimg,1189,1407,164,521
795,pimg,1189,1407,168,521
796,pimg,1189,1407,172,521
797,pimg,1189,1407,176,521
798,pimg,1189,1407,179,521
799,pimg,716,948,172,513
799,pimg,1189,1407,183,521
800,pimg,716,948,173,513
800,pimg,1189,1407,187,521
801,pimg,716,948,174,513
801,pimg,1189,1407,190,521
802,pimg,716,948,175,513
802,pimg,1189,1407,194,521
803,pimg,1189,1407,194,521
804,pimg,1189,1407,195,521
805,pimg,1189,1407,195,520
806,pimg,1189,1407,195,520
807,pimg,1189,1407,195,520
808,pimg,1189,1407,196,520
809,pimg,1189,1407,196,520
810,pimg,1189,1407,196,519
811,pimg,1189,1407,196,519
812,pimg,1189,1407,197,519
813,pimg,1189,1407,197,519
814,pimg,1189,1407,197,519
815,pimg,1189,1407,197,518
816,pimg,1189,1407,197,518
841,pimg,473,644,307,546
842,pimg,473,644,307,546
846,pimg,474,644,308,547
847,pimg,474,644,308,547
848,pimg,1189,1407,205,512
848,pimg,474,644,308,547
849,pimg,1189,1407,205,512
849,pimg,474,645,308,547
850,pimg,1189,1407,205,512
851,pimg,1189,1407,206,512
851,pimg,474,645,308,547
852,pimg,474,645,308,547
853,pimg,474,645,309,547
854,pimg,474,645,309,547
855,pimg,475,645,309,547
856,pimg,475,645,309,548
863,pimg,1189,1407,208,510
889,pimg,478,648,312,551
890,pimg,478,648,312,551
915,pimg,1196,1414,212,509
916,pimg,1196,1414,212,509
917,pimg,1197,1414,212,509
918,pimg,1197,1415,212,509
919,pimg,1197,1415,212,509
920,pimg,1197,1415,212,509
947,pimg,1202,1419,213,510
948,pimg,1202,1419,213,510
949,pimg,1202,1420,213,510
950,pimg,1202,1420,213,510
951,pimg,1202,1420,213,510
952,pimg,1202,1420,213,510
953,pimg,1203,1420,213,511
954,pimg,1203,1420,213,511
955,pimg,1203,1421,213,511
956,pimg,1203,1421,213,511
957,pimg,772,963,195,505
957,pimg,1203,1421,213,511
958,pimg,1203,1421,213,511
959,pimg,772,964,195,505
959,pimg,1203,1421,213,511
960,pimg,1204,1421,213,511
961,pimg,1204,1422,213,511
962,pimg,1204,1422,213,511
963,pimg,1204,1422,213,511
964,pimg,1204,1422,213,511
965,pimg,1204,1422,213,511
966,pimg,1205,1422,213,511
967,pimg,1205,1423,213,511
968,pimg,1205,1423,214,511
969,pimg,1205,1423,214,511
970,pimg,1205,1423,214,511
971,pimg,1205,1423,214,511
972,pimg,1206,1423,214,511
973,pimg,1206,1424,214,511
974,pimg,1206,1424,214,511
975,pimg,1206,1424,214,511
976,pimg,1206,1424,214,511
977,pimg,1206,1424,214,511
978,pimg,1207,1424,214,511
979,pimg,1207,1425,214,511
980,pimg,1207,1425,214,511
981,pimg,1207,1425,214,511
982,pimg,1207,1425,214,511
983,pimg,1207,1425,214,512
984,pimg,1208,1425,214,512
985,pimg,1208,1425,214,512
986,pimg,1208,1426,214,512
987,pimg,1208,1426,214,512
988,pimg,1208,1426,214,512
1037,pimg,1216,1434,216,513
1038,pimg,1216,1434,216,513
1039,pimg,1216,1434,216,513
1040,pimg,1217,1434,216,513
1041,pimg,1217,1435,216,513
1042,pimg,1217,1435,216,513
1043,pimg,1217,1435,216,513
1044,pimg,1217,1435,216,513
1045,pimg,1217,1435,216,514
1046,pimg,1218,1435,216,514
1047,pimg,1218,1436,216,514
1048,pimg,1218,1436,216,514
1049,pimg,1218,1436,216,514
1050,pimg,1218,1436,216,514
1051,pimg,1218,1436,216,514
1052,pimg,1219,1436,216,514
1053,pimg,1219,1437,216,514
1054,pimg,1219,1437,216,514
1055,pimg,1219,1437,216,514
1056,pimg,1219,1437,216,514
1057,pimg,1219,1437,216,514
1058,pimg,1220,1437,216,514
1059,pimg,1220,1438,216,514
1060,pimg,1220,1438,217,514
1061,pimg,1220,1438,217,514
1062,pimg,1220,1438,217,514
1063,pimg,1220,1438,217,514
1064,pimg,1221,1438,217,514
1065,pimg,1221,1438,217,514
1066,pimg,1221,1439,217,514
1067,pimg,1221,1439,217,514
1068,pimg,1221,1439,217,514
1069,pimg,1221,1439,217,514
1070,pimg,1222,1439,217,514
1071,pimg,1222,1439,217,514
1085,p1,1618,1920,266,997
1086,p1,1620,1920,266,997
1087,p1,1623,1920,266,997
1088,p1,1625,1920,266,997
1089,p1,1628,1920,266,997
1089,pimg,1224,1442,217,514
1090,p1,1630,1920,266,997
1091,p1,1633,1920,266,997
1092,p1,1635,1920,266,997
1093,p1,1634,1920,266,997
1093,pimg,1225,1443,217,514
1094,p1,1633,1920,266,997
1095,p1,1632,1920,266,997
1095,pimg,1225,1443,217,514
1096,p1,1631,1920,266,997
1096,pimg,1225,1443,217,514
1097,p1,1630,1920,266,997
1098,p1,1629,1920,266,997
1099,p1,1628,1920,266,997
1100,p1,1627,1920,266,997
1101,p1,1626,1920,266,997
1102,p1,1625,1920,266,997
1103,p1,1624,1920,266,997
1103,pimg,1226,1444,216,514
1104,p1,1623,1920,266,997
1104,pimg,1227,1444,216,514
1105,p1,1622,1920,266,997
1105,pimg,1227,1444,216,514
1106,p1,1621,1920,266,997
1106,pimg,1227,1445,216,514
1107,p1,1620,1920,267,997
1107,pimg,1227,1445,216,514
1108,p1,1619,1920,267,998
1108,pimg,1227,1445,216,514
1109,p1,1618,1920,267,998
1109,pimg,1227,1445,216,514
1110,p1,1617,1920,267,998
1110,pimg,1227,1445,216,514
1111,p1,1616,1920,267,998
1111,pimg,1228,1445,216,514
1112,p1,1615,1920,267,998
1112,pimg,1228,1446,216,514
1113,p1,1614,1920,267,998
1113,pimg,1228,1446,216,514
1113,pimg,516,686,325,564
1114,p1,1613,1920,267,998
1115,p1,1612,1920,267,998
1122,pimg,1229,1447,216,514
1131,pimg,516,686,323,562
1132,pimg,516,686,323,562
1133,pimg,516,686,323,562
1149,pimg,788,979,186,496
1156,pimg,1234,1452,216,513
1157,pimg,1234,1452,216,513
1170,pimg,790,981,185,495
1174,pimg,790,982,184,494
1183,pimg,1237,1455,215,513
1184,pimg,1237,1454,215,513
1185,pimg,1236,1454,215,513
1186,pimg,1235,1453,215,513
1187,pimg,1234,1452,215,513
1188,pimg,1234,1451,215,513
1189,pimg,1233,1451,215,513
1190,pimg,1232,1450,215,513
1191,pimg,1231,1449,215,513
1192,pimg,1231,1449,215,513
1193,pimg,1230,1448,215,513
1194,pimg,1229,1447,215,513
1195,pimg,1229,1446,215,513
1196,pimg,1228,1446,215,513
1197,pimg,1227,1445,215,513
1198,pimg,1226,1444,215,513
1199,pimg,1226,1443,215,513
1200,pimg,1225,1443,215,513
1201,pimg,1224,1442,215,513
1202,pimg,997,1203,227,513
1202,pimg,1223,1441,215,513
1203,pimg,1224,1441,215,513
1204,pimg,1224,1442,215,512
1205,pimg,1224,1442,215,512
1206,pimg,1224,1442,214,512
1207,pimg,1224,1442,214,512
1208,pimg,1225,1442,214,511
1209,pimg,1225,1443,214,511
1210,pimg,1225,1443,214,511
1211,pimg,1225,1443,213,511
1212,pimg,1225,1443,213,511
1213,pimg,1225,1443,213,510
1214,pimg,1226,1443,213,510
1215,pimg,1226,1444,212,510
1216,pimg,1226,1444,212,510
1217,pimg,1226,1444,212,510
1218,pimg,1226,1444,212,509
1219,pimg,1227,1444,212,509
1220,pimg,1227,1444,211,509
1221,pimg,1227,1445,211,509
1222,pimg,1227,1445,211,508
1223,pimg,1227,1445,211,508
1224,pimg,1227,1445,211,508
1225,pimg,1228,1445,210,508
1226,pimg,1228,1446,210,508
1227,pimg,1228,1446,210,507
1228,pimg,1228,1446,210,507
1229,pimg,1228,1446,209,507
1230,pimg,1229,1446,209,507
1231,pimg,1229,1446,209,506
1232,pimg,1229,1447,209,506
1233,pimg,1229,1447,209,506
1234,pimg,1229,1447,208,506
1235,pimg,1229,1447,208,506
1236,pimg,1230,1447,208,505
1237,pimg,1230,1448,208,505
1238,pimg,1230,1448,207,505
1239,pimg,1230,1448,207,505
1240,pimg,1230,1448,207,505
1241,pimg,1230,1448,207,504
1242,pimg,1231,1448,207,504
1243,pimg,1231,1449,206,504
1261,pimg,1234,1452,202,500
1262,pimg,1234,1452,202,500
1263,pimg,1234,1452,202,500
1264,pimg,1235,1452,202,499
1265,pimg,1235,1453,202,499
1266,pimg,1235,1453,201,499
1267,pimg,1235,1453,201,499
1302,pimg,336,509,271,526
1308,pimg,339,511,267,521
1308,pimg,1241,1459,179,476
1308,pimg,178,327,241,519
1319,pimg,941,1147,70,356
1372,pimg,0,162,146,453
1375,pimg,0,162,148,455
1377,pimg,0,162,149,456
1379,pimg,0,162,151,457
1380,pimg,0,162,151,458
1383,pimg,0,160,160,467
1384,pimg,0,160,163,470
1385,pimg,0,159,166,473
1386,pimg,0,159,169,476
1387,pimg,0,158,172,479
1388,pimg,0,158,175,481
1389,pimg,0,158,178,484
1393,pimg,0,157,182,489
1406,pimg,702,919,85,370
1406,pimg,918,1116,104,375
1407,pimg,711,928,81,361
1407,pimg,925,1121,98,367
1408,pimg,720,937,76,352
1408,pimg,931,1126,93,360
1409,pimg,729,946,72,342
1410,pimg,738,956,67,333
1410,pimg,944,1136,82,344
1411,pimg,950,1141,76,336
1412,pimg,757,974,58,315
1412,pimg,957,1146,71,328
1413,pimg,766,983,54,305
1414,pimg,775,992,49,296
1415,pimg,784,1002,45,287
1415,pimg,976,1161,54,304
1416,pimg,794,1011,40,278
1417,pimg,803,1020,36,268
1418,pimg,349,565,217,510
1419,pimg,349,565,218,511
1420,pimg,349,565,219,512
1421,pimg,349,565,219,512
1422,pimg,849,1066,13,222
1422,pimg,1021,1196,16,248
1422,pimg,350,566,219,512
1423,pimg,858,1075,9,213
1423,pimg,1028,1201,10,240
1423,pimg,350,566,219,511
1424,pimg,867,1084,4,204
1424,pimg,1034,1206,5,232
1424,pimg,351,567,219,511
1425,pimg,876,1094,0,195
1425,pimg,1040,1211,0,224
1425,pimg,351,567,219,511
1426,pimg,882,1090,0,198
1426,pimg,1048,1219,0,223
1428,pimg,894,1084,0,204
1428,pimg,1064,1234,0,220
1429,pimg,900,1080,0,207
1429,pimg,1072,1242,0,218
1430,pimg,905,1077,0,211
1430,pimg,1079,1250,0,216
1431,pimg,911,1074,0,214
1431,pimg,1087,1258,0,215
1433,pimg,923,1067,0,220
1433,pimg,1103,1273,0,212
1434,pimg,929,1064,0,223
1434,pimg,1111,1281,0,210
1435,pimg,934,1061,0,227
1435,pimg,1118,1289,0,209
1436,pimg,943,1075,0,225
1436,pimg,1126,1297,0,207
1437,pimg,951,1089,0,223
1438,pimg,959,1103,0,221
1439,pimg,967,1118,0,219
1439,pimg,1150,1320,0,203
1440,pimg,975,1132,0,218
1440,pimg,1157,1328,0,201
1441,pimg,984,1146,0,216
1442,pimg,359,575,218,510
1443,pimg,1000,1175,0,212
1443,pimg,360,576,218,510
1444,pimg,1008,1189,0,210
1445,pimg,1016,1203,0,209
1445,pimg,1196,1367,0,193
1446,pimg,949,1142,24,253
1449,pimg,1133,1303,0,191
1450,pimg,1117,1287,0,190
1454,pimg,0,158,200,507
1455,pimg,1037,1208,0,187
1455,pimg,1209,1384,0,199
1455,pimg,0,158,200,507
1456,pimg,1039,1209,0,186
1456,pimg,1209,1385,0,199
1456,pimg,0,158,200,507
1457,pimg,1040,1211,0,186
1457,pimg,1210,1385,0,199
1458,pimg,1042,1212,0,185
1458,pimg,1210,1386,0,199
1459,pimg,1044,1214,0,185
1459,pimg,1211,1386,0,198
1459,pimg,0,158,200,507
1460,pimg,1045,1216,0,184
1460,pimg,1211,1387,0,198
1461,pimg,1047,1217,0,184
1461,pimg,1212,1387,0,198
1462,pimg,1049,1219,0,183
1462,pimg,1212,1388,0,197
1463,pimg,1050,1221,0,183
1463,pimg,1213,1388,0,197
1464,pimg,1052,1222,0,182
1464,pimg,1213,1389,0,197
1465,pimg,1053,1224,0,182
1465,pimg,1214,1389,0,197
1466,pimg,1054,1224,0,182
1466,pimg,1214,1390,0,196
1467,pimg,1054,1225,0,182
1467,pimg,1215,1390,0,196
1468,pimg,1055,1225,0,182
1469,pimg,1055,1225,0,182
1469,pimg,1216,1391,0,196
1470,pimg,1055,1226,0,182
1470,pimg,1216,1392,0,195
1471,pimg,1056,1226,0,182
1471,pimg,1217,1392,0,195
1472,pimg,1056,1227,0,181
1472,pimg,1217,1393,0,195
1473,pimg,1057,1227,0,181
1474,pimg,1057,1227,0,181
1475,pimg,1057,1228,0,181
1476,pimg,1058,1228,0,181
1477,pimg,1058,1229,0,181
1478,pimg,1059,1229,0,181
1479,pimg,1059,1229,0,181
1480,pimg,1059,1230,0,181
1480,pimg,1221,1397,0,193
1481,pimg,1060,1230,0,181
1482,pimg,1060,1231,0,181
1482,pimg,1222,1398,0,192
1483,pimg,1061,1231,0,181
1483,pimg,1222,1398,0,192
1484,pimg,1061,1232,0,180
1484,pimg,1223,1399,0,191
1485,pimg,1061,1232,0,180
1485,pimg,1223,1399,0,191
1486,pimg,1060,1231,0,180
1486,pimg,1222,1398,0,191
1487,pimg,1059,1229,0,180
1487,pimg,1221,1397,0,190
1488,pimg,1058,1228,0,180
1488,pimg,1220,1395,0,189
1489,pimg,1056,1227,0,179
1489,pimg,1218,1394,0,189
1490,pimg,1055,1226,0,179
1490,pimg,1217,1393,0,188
1491,pimg,1054,1224,0,179
1491,pimg,1216,1391,0,187
1492,pimg,1053,1223,0,178
1492,pimg,1215,1390,0,187
1493,pimg,1051,1222,0,178
1493,pimg,1213,1389,0,186
1494,pimg,1050,1221,0,178
1495,pimg,1049,1219,0,178
1496,pimg,1049,1219,0,177
1497,pimg,1049,1220,0,176
1498,pimg,1049,1220,0,176
1498,pimg,1213,1389,0,183
1499,pimg,1049,1220,0,175
1499,pimg,1214,1389,0,182
1500,pimg,1050,1220,0,174
1500,pimg,1215,1390,0,182
1501,pimg,1050,1220,0,174
1501,pimg,1215,1391,0,181
1502,pimg,1050,1220,0,173
1503,pimg,1050,1220,0,173
1503,pimg,1217,1392,0,180
1504,pimg,1050,1220,0,172
1505,pimg,1050,1221,0,171
1506,pimg,1050,1221,0,171
1506,pimg,1219,1395,0,178
1507,pimg,1050,1221,0,170
1507,pimg,1220,1395,0,177
1508,pimg,1050,1221,0,169
1508,pimg,1221,1396,0,177
1509,pimg,1051,1221,0,169
1509,pimg,1221,1397,0,176
1510,pimg,1051,1221,0,168
1510,pimg,1222,1398,0,175
1511,pimg,1051,1221,0,168
1511,pimg,1223,1398,0,175
1512,pimg,1051,1221,0,167
1513,pimg,1051,1222,0,166
1514,pimg,1051,1222,0,166
1514,pimg,1225,1401,0,173
1515,pimg,1051,1222,0,165
1515,pimg,1226,1401,0,172
1516,pimg,1051,1222,0,164
1516,pimg,1227,1402,0,172
1517,pimg,1052,1222,0,164
1517,pimg,1227,1403,0,171
1518,pimg,1052,1222,0,163
1518,pimg,1228,1404,0,170
1519,pimg,1052,1222,0,163
1519,pimg,1229,1404,0,170
1520,pimg,1036,1207,0,164
1520,pimg,1206,1382,0,171
1521,pimg,1021,1191,0,165
1521,pimg,1184,1360,0,173
1522,pimg,1006,1176,0,166
1522,pimg,1162,1338,0,174
1523,pimg,990,1160,0,167
1523,pimg,1140,1315,0,175
1524,pimg,975,1145,0,168
1524,pimg,1117,1293,0,177
1525,pimg,959,1130,0,169
1525,pimg,1095,1271,0,178
1526,pimg,957,1128,0,168
1527,pimg,956,1126,0,167
1528,pimg,954,1124,0,167
1529,pimg,952,1123,9,176
1530,pimg,951,1121,18,185
1531,pimg,949,1119,27,195
1532,pimg,947,1118,37,204
1533,pimg,946,1116,46,214
1534,pimg,944,1114,55,223
1535,pimg,942,1113,64,232
1536,pimg,940,1111,74,242
1537,pimg,939,1109,83,251
1538,pimg,937,1107,92,261
1539,pimg,935,1106,101,270
1540,pimg,934,1104,111,280
1541,pimg,932,1102,120,289
1542,pimg,930,1101,129,298
1543,pimg,928,1099,139,308
1544,pimg,927,1097,148,317
1545,pimg,925,1095,157,327
1546,pimg,725,942,77,391
1546,pimg,928,1098,155,324
1547,pimg,725,943,77,390
1547,pimg,930,1101,152,322
1548,pimg,726,943,76,390
1548,pimg,933,1103,150,320
1549,pimg,726,943,76,389
1549,pimg,935,1106,148,317
1550,pimg,938,1108,146,315
1551,pimg,941,1111,143,313
1667,pimg,1001,1205,46,300
1668,pimg,798,992,30,256
1668,pimg,1004,1207,43,291
1669,pimg,799,992,28,247
1669,pimg,1006,1209,40,283
1670,pimg,813,1005,27,237
1670,pimg,1013,1215,39,276
1671,pimg,826,1017,25,227
1671,pimg,1019,1221,37,270
1672,pimg,839,1030,23,217
1672,pimg,1025,1227,36,263
1673,pimg,853,1043,21,208
1673,pimg,1032,1233,34,256
1674,pimg,866,1055,19,198
1674,pimg,1038,1239,32,250
1675,pimg,879,1068,18,188
1675,pimg,1045,1245,31,243
1676,pimg,893,1081,16,178
1676,pimg,1051,1251,29,236
1677,pimg,906,1093,14,169
1677,pimg,1058,1257,28,230
1678,pimg,919,1106,12,159
1678,pimg,1064,1263,26,223
1679,pimg,933,1119,10,149
1679,pimg,1070,1269,25,216
1680,pimg,946,1131,9,139
1680,pimg,1077,1275,23,209
1681,pimg,959,1144,7,130
1681,pimg,1083,1282,21,203
1682,pimg,973,1156,5,120
1682,pimg,1090,1288,20,196
1683,pimg,986,1169,3,110
1683,pimg,1096,1294,18,189
1684,pimg,1000,1182,1,100
1684,pimg,1103,1300,17,183
1685,pimg,1013,1194,0,91
1685,pimg,1109,1306,15,176
1686,pimg,1013,1195,0,92
1686,pimg,1116,1312,14,169
1687,pimg,1013,1196,0,93
1687,pimg,1122,1318,12,162
1688,pimg,1013,1196,0,94
1688,pimg,1128,1324,10,156
1689,pimg,1013,1197,0,95
1689,pimg,1135,1330,9,149
1690,pimg,1013,1197,0,96
1690,pimg,1141,1336,7,142
1691,pimg,1014,1198,0,97
1691,pimg,1148,1342,6,136
1692,pimg,1014,1199,0,98
1692,pimg,1154,1348,4,129
1693,pimg,1014,1199,0,99
1693,pimg,1161,1355,3,122
1694,pimg,1014,1200,0,100
1694,pimg,1167,1361,1,116
1695,pimg,1014,1200,0,101
1695,pimg,1174,1367,0,109
1696,pimg,1014,1201,0,102
1696,pimg,1172,1365,0,108
1697,pimg,1014,1202,0,103
1697,pimg,1170,1363,0,108
1698,pimg,1015,1202,0,104
1698,pimg,1168,1361,0,107
1699,pimg,1015,1203,0,105
1699,pimg,1166,1360,0,107
1700,pimg,1015,1204,0,106
1700,pimg,1165,1358,0,106
1701,pimg,1015,1204,0,108
1701,pimg,1163,1356,0,105
1702,pimg,1015,1205,0,109
1702,pimg,1161,1354,0,105
1703,pimg,996,1186,2,131
1703,pimg,1159,1352,0,104
1704,pimg,976,1167,5,153
1704,pimg,1157,1351,0,104
1705,pimg,957,1148,8,175
1705,pimg,1156,1349,0,103
1706,pimg,1154,1347,0,103
1707,pimg,1152,1345,0,102
1707,pimg,1278,1472,21,232
1708,pimg,1150,1343,0,101
1708,pimg,1281,1472,18,220
1709,pimg,1149,1342,0,101
1709,pimg,1284,1472,16,208
1710,pimg,1147,1340,0,100
1710,pimg,1286,1473,13,196
1711,pimg,1145,1338,0,100
1711,pimg,1289,1473,10,183
1712,pimg,1143,1336,0,99
1712,pimg,1292,1474,8,171
1713,pimg,1141,1335,0,99
1713,pimg,1294,1474,5,159
1714,pimg,1140,1333,0,98
1714,pimg,1297,1475,2,147
1715,pimg,1138,1331,0,97
1715,pimg,1300,1475,0,134
1716,pimg,1138,1331,0,98
1716,pimg,1300,1476,0,134
1717,pimg,1138,1331,0,98
1717,pimg,1300,1476,0,134
1718,pimg,1138,1331,0,98
1718,pimg,1301,1476,0,134
1719,pimg,1138,1331,0,98
1719,pimg,1301,1477,0,134
1720,pimg,1138,1331,0,98
1720,pimg,1301,1477,0,134
1721,pimg,1138,1331,0,98
1721,pimg,1302,1477,0,134
1722,pimg,1138,1331,0,98
1722,pimg,1302,1477,0,134
1723,pimg,1138,1331,0,98
1723,pimg,1302,1478,0,134
1724,pimg,1138,1331,0,98
1724,pimg,1302,1478,0,134
1725,pimg,1138,1331,0,98
1725,pimg,1303,1478,0,134
1726,pimg,1137,1331,0,98
1726,pimg,1303,1479,0,134
1727,pimg,1137,1331,0,98
1727,pimg,1303,1479,0,134
1728,pimg,1137,1331,0,98
1728,pimg,1304,1479,0,134
1729,pimg,1137,1331,0,98
1729,pimg,1304,1479,0,134
1730,pimg,1137,1330,0,98
1730,pimg,1304,1480,0,134
1731,pimg,1137,1330,1,99
1731,pimg,1304,1480,0,134
1732,pimg,1137,1330,1,99
1732,pimg,1305,1480,0,134
1733,pimg,1137,1330,1,99
1733,pimg,1305,1481,0,134
1734,pimg,1137,1330,1,99
1734,pimg,1305,1481,0,134
1735,pimg,1137,1330,1,99
1735,pimg,1306,1481,0,134
1736,pimg,1137,1330,1,99
1736,pimg,1306,1482,0,134
1737,pimg,1137,1330,1,99
1737,pimg,1306,1482,0,134
1738,pimg,1137,1330,1,99
1738,pimg,1307,1482,0,134
1739,pimg,1137,1330,1,99
1739,pimg,1307,1482,0,134
1740,pimg,1137,1330,1,99
1740,pimg,1307,1483,0,134
1741,pimg,1137,1330,1,99
1741,pimg,1307,1483,0,134
1742,pimg,1137,1330,1,99
1742,pimg,1308,1483,0,134
1743,pimg,1137,1330,1,99
1743,pimg,1308,1484,0,134
1744,pimg,1137,1330,1,99
1744,pimg,1308,1484,0,134
1745,pimg,1137,1330,1,99
1745,pimg,1309,1484,0,134
1746,pimg,1137,1330,2,100
1746,pimg,1309,1484,0,134
1747,pimg,1137,1330,2,100
1747,pimg,1309,1485,0,134
1748,pimg,1137,1330,2,100
1748,pimg,1309,1485,0,134
1749,pimg,1137,1330,2,100
1749,pimg,1310,1485,0,134
1750,pimg,1137,1330,2,100
1750,pimg,1310,1486,0,134
1751,pimg,1137,1330,2,100
1751,pimg,1310,1486,0,134
1752,pimg,1137,1330,2,100
1752,pimg,1311,1486,0,134
1753,pimg,1137,1330,2,100
1753,pimg,1311,1487,0,134
1754,pimg,1137,1330,2,100
1754,pimg,1311,1487,0,134
1755,pimg,1137,1330,2,100
1755,pimg,1311,1487,0,134
1756,pimg,1136,1330,2,100
1756,pimg,1312,1487,0,134
1757,pimg,1136,1330,2,100
1757,pimg,1312,1488,0,134
1758,pimg,1136,1330,2,100
1758,pimg,1312,1488,0,134
1759,pimg,1136,1330,2,100
1759,pimg,1313,1488,0,134
1760,pimg,1136,1330,2,100
1760,pimg,1313,1489,0,134
1761,pimg,1136,1329,2,100
1761,pimg,1313,1489,0,134
1762,pimg,1136,1329,3,101
1762,pimg,1314,1489,0,134
1763,pimg,1136,1329,3,101
1763,pimg,1314,1489,0,134
1764,pimg,1136,1329,3,101
1764,pimg,1314,1490,0,134
1765,pimg,1136,1329,3,101
1765,pimg,1314,1490,0,134
1766,pimg,0,78,0,380
1767,pimg,0,80,0,391
1768,pimg,0,82,0,402
1769,pimg,0,83,0,413
1770,pimg,0,85,0,425
1771,pimg,0,87,0,436
1772,pimg,0,89,0,447
1773,pimg,0,91,0,458
1774,pimg,0,93,0,470
1775,pimg,0,95,0,481
1776,pimg,0,97,0,492
1777,pimg,0,99,9,501
1778,pimg,0,100,18,511
1779,pimg,0,102,28,520
1780,pimg,0,104,37,530
1781,pimg,0,105,47,539
1782,pimg,0,107,56,549
1783,pimg,0,109,66,558
1783,pimg,629,842,114,484
1784,pimg,0,111,75,568
1785,pimg,0,112,85,577
1785,pimg,628,840,123,493
1786,pimg,0,114,94,587
1787,pimg,0,116,104,596
1788,pimg,0,118,113,606
1789,pimg,0,119,123,615
1789,p2,0,272,242,1080
1790,pimg,0,121,132,625
1790,p2,0,271,246,1080
1791,pimg,0,118,152,645
1791,pimg,625,839,165,535
1791,p2,0,266,265,1080
1792,pimg,0,116,172,665
1793,pimg,0,113,192,685
1793,p2,0,255,303,1080
1794,pimg,0,111,212,705
1794,pimg,629,848,223,593
1794,p2,0,249,322,1080
1795,pimg,0,108,232,725
1795,pimg,630,851,242,612
1795,p2,0,244,341,1080
1796,pimg,0,106,252,745
1796,p2,0,238,360,1080
1797,pimg,0,103,272,765
1797,pimg,618,842,270,640
1797,p2,0,233,379,1080
1798,pimg,0,100,292,785
1798,p2,0,227,398,1080
1799,pimg,0,98,312,805
1799,pimg,606,832,298,667
1799,p2,0,222,417,1080
1800,pimg,0,99,274,766
1800,p2,0,216,436,1080
1801,pimg,0,94,274,758
1801,p2,0,202,468,1080
1802,pimg,0,88,274,750
1802,p2,0,189,499,1080
1803,p2,0,175,530,1080
1804,p2,0,161,561,1080
1805,p2,0,148,593,1080
1806,p2,0,134,624,1080
1807,p2,0,120,655,1080
1808,p2,0,107,687,1080
1809,p2,0,93,718,1080
1810,p2,0,79,749,1080
1811,pimg,497,737,205,601
1811,p2,0,97,698,1080
1812,pimg,504,743,192,588
1812,p2,0,115,646,1080
1813,p2,0,133,594,1080
1814,pimg,516,756,166,562
1814,p2,0,151,543,1080
1815,pimg,523,762,152,549
1846,pimg,0,198,274,809
1846,p2,0,216,468,1080
1847,pimg,0,183,269,805
1847,p2,0,227,96,1080
1848,pimg,0,169,264,801
1848,p2,0,237,237,1080
1849,pimg,0,154,260,797
1849,p2,0,248,74,1080
1850,pimg,0,139,255,793
1850,p2,0,268,56,1080
1851,pimg,0,132,255,793
1851,p2,0,290,57,1080
1852,pimg,0,124,255,793
1852,p2,0,314,0,1080
1853,pimg,0,116,255,793
1854,pimg,0,108,255,793
1855,pimg,0,101,255,793
1856,pimg,0,93,255,793
1857,pimg,0,85,256,793
1858,pimg,0,77,256,794
1858,pimg,265,512,246,700
1858,p2,0,520,0,1080
1859,pimg,0,70,256,794
1860,pimg,0,62,256,794
1861,pimg,0,54,256,794
1862,pimg,0,54,256,794
1869,pimg,74,321,197,704
1876,pimg,0,152,193,699
1877,pimg,0,133,193,699
1878,pimg,0,114,193,699
1879,pimg,0,95,192,699
1880,pimg,0,79,189,695
1881,pimg,0,63,185,692
1882,pimg,0,47,182,688
1883,pimg,0,47,182,688
1915,p2,954,1920,0,1080
1916,p2,960,1920,0,1080
1917,p2,967,1920,0,1080
1918,p2,973,1920,0,1080
1919,p2,980,1920,0,1080
1920,p2,987,1920,0,1080
1921,p2,996,1920,0,1080
1922,p2,1006,1920,0,1080
1923,p2,1016,1920,0,1080
1924,p2,1026,1920,0,1080
1925,p2,1059,1920,0,1080
1926,p2,1092,1920,0,1080
1927,p2,1121,1920,0,1080
1928,p2,1151,1920,0,1080
1929,p2,1180,1920,0,1080
1930,p2,1209,1920,0,1080
1931,p2,1238,1920,0,1080
1932,p2,1266,1920,0,1080
1933,p2,1295,1920,0,1080
1934,p2,1335,1920,0,1080
1935,p2,1376,1920,0,1080
1936,p2,1400,1920,11,1080
1937,p2,1423,1920,22,1080
1938,p2,1447,1920,33,1080
1939,p2,1470,1920,44,1080
1940,p2,1494,1920,55,1080
1941,p2,1501,1920,52,1080
1942,p2,1507,1920,49,1080
1943,p2,1514,1920,47,1080
1944,p2,1520,1920,44,1080
1945,p2,1527,1920,41,1080
1946,p2,1534,1920,39,1080
1947,p2,1540,1920,36,1080
1948,p2,1547,1920,33,1080
1949,p2,1554,1920,31,1080
1950,p2,1560,1920,28,1080
1951,p2,1547,1920,33,1080
1952,p2,1533,1920,37,1080
1953,p2,1519,1920,42,1080
1954,p2,1505,1920,47,1080
1955,p2,1492,1920,51,1080
1956,p2,1478,1920,56,1080
1959,p1,0,323,285,1080
1960,p1,0,303,283,1080
1961,p1,0,282,282,1080
1962,p1,0,260,281,1080
1963,p1,0,239,280,1080
1964,p1,0,217,279,1080
1965,p1,0,195,279,1080
1966,p1,0,174,278,1080
1967,p1,0,152,277,1080
1968,p1,0,131,276,1080
1969,p1,0,109,275,1080
1970,p1,0,88,274,1080
1971,p1,0,100,274,1080
1972,p1,0,112,274,1080
1973,p1,0,124,274,1080
1974,p1,0,136,274,1080
1975,p1,0,148,274,1080
1976,p1,0,160,274,1080
1977,p1,0,173,274,1080
1978,p1,0,185,274,1080
1980,p1,0,209,274,1080
1981,p1,0,224,273,1080
1982,p1,0,238,271,1080
1983,p1,0,253,270,1080
1984,p1,0,268,268,1080
1985,p1,0,282,267,1080
1986,p1,0,297,266,1080
1987,p1,0,321,264,1080
1988,p1,0,345,263,1080
1989,p1,0,370,261,1080
1990,p1,0,394,260,1080
1991,p1,0,422,249,1080
1992,p1,0,451,237,1080
1994,p1,0,508,214,1080
1995,p1,0,536,203,1080
1996,p1,0,565,191,1080
1998,p1,0,622,185,1080
2056,pimg,1805,1913,256,577
2057,pimg,1774,1883,256,577
2058,pimg,1743,1853,255,578
2059,pimg,1712,1822,255,578
2060,pimg,1681,1792,254,579
2061,pimg,1650,1762,254,580
2061,pimg,1770,1896,313,623
2062,pimg,1635,1749,254,581
2062,pimg,1763,1888,314,627
2063,pimg,1621,1735,254,582
2063,pimg,1755,1880,316,631
2064,pimg,1607,1722,254,583
2064,pimg,1747,1873,317,635
2065,pimg,1593,1708,254,584
2065,pimg,1740,1865,318,639
2066,pimg,1579,1695,254,586
2066,pimg,1732,1857,319,643
2067,pimg,1576,1693,255,587
2067,pimg,1724,1850,321,647
2068,pimg,1574,1690,257,589
2068,pimg,1717,1842,322,652
2069,pimg,1572,1688,259,591
2069,pimg,1709,1835,323,656
2070,pimg,1569,1686,261,593
2070,pimg,1701,1827,324,660
2071,pimg,1567,1683,263,595
2071,pimg,1694,1819,326,664
2072,pimg,1565,1681,265,597
2072,pimg,1689,1811,326,665
2073,pimg,1570,1679,272,596
2073,pimg,1685,1803,327,667
2074,pimg,1572,1679,264,592
2074,pimg,1680,1794,327,668
2075,pimg,1675,1790,329,670
2076,pimg,1670,1786,331,671
2077,pimg,1665,1782,332,672
2079,pimg,1497,1613,299,613
2079,pimg,1854,1920,343,728
2080,pimg,1841,1920,343,728
2081,pimg,1837,1920,343,728
2082,pimg,1813,1920,352,751
2083,pimg,1789,1920,360,773
2084,pimg,1413,1536,319,650
2084,pimg,1764,1920,369,796
2089,pimg,1328,1456,325,672
2090,pimg,1310,1439,322,672
2091,pimg,1293,1422,318,672
2092,pimg,1275,1405,315,672
2093,pimg,1258,1388,312,672
2093,pimg,1402,1542,378,713
2094,pimg,1240,1371,309,672
2094,pimg,1386,1527,378,713
2095,p2,1501,1920,88,1080
2095,pimg,1223,1354,306,672
2095,pimg,1371,1511,377,713
2095,pimg,1582,1798,381,800
2101,p2,1701,1920,316,1080
2102,p2,1747,1920,430,1080
2103,p2,1793,1920,544,1080
2103,pimg,1116,1248,311,684
2104,p2,1839,1920,658,1080
2105,p2,1885,1920,772,1080
2107,pimg,1068,1200,320,693
2112,pimg,1098,1229,316,697
2117,pimg,1127,1259,312,702
2118,pimg,1132,1264,313,704
2119,pimg,1137,1269,313,706
2120,pimg,1142,1273,313,708
2121,pimg,1146,1278,314,709
2122,pimg,1151,1283,314,711
2123,pimg,1156,1287,315,713
2124,pimg,1160,1292,315,715
2125,pimg,1165,1297,315,717
2126,pimg,1170,1301,316,718
2127,pimg,1174,1306,316,720
2137,pimg,968,1127,292,719
2147,pimg,705,876,299,735
2165,pimg,1870,1920,84,707
2166,pimg,1840,1920,67,699
2167,pimg,1811,1920,50,692
2168,pimg,1781,1920,33,685
2169,pimg,1751,1920,16,677
2170,pimg,1722,1920,0,670
2171,pimg,1664,1920,0,674
2172,pimg,1607,1920,0,678
2177,pimg,1859,1920,110,673
2178,pimg,1781,1920,93,677
2179,pimg,1704,1920,93,680
2184,pimg,1792,1920,166,676
2186,p1,0,60,868,1080
2186,p2,1871,1919,294,1080
2187,p2,1763,1919,239,1080
2187,pimg,0,140,375,929
2188,p2,1684,1919,243,1080
2196,pimg,0,188,11,764
2197,pimg,0,154,6,758
2198,pimg,0,80,8,761
2213,pimg,0,221,140,716
2214,pimg,0,223,140,716
2215,pimg,0,224,140,716
2265,pimg,0,115,80,850
2266,pimg,0,130,80,851
2267,pimg,0,146,80,853
2268,pimg,0,161,80,854
2269,pimg,0,174,80,860
2270,pimg,0,187,80,866
2271,pimg,0,200,80,872
2272,pimg,0,213,80,878
2273,pimg,0,226,80,883
2279,pimg,0,222,80,919
2280,pimg,0,210,80,925
2281,pimg,0,197,80,925
2282,pimg,0,177,80,925
2283,pimg,0,157,80,925
2284,pimg,0,139,80,925
2285,pimg,0,122,80,925
2286,pimg,0,103,80,925
2287,pimg,0,84,80,925
2288,pimg,0,61,80,925
2289,pimg,0,38,80,925
2293,pimg,963,1237,251,815
2294,pimg,965,1238,250,813
2295,pimg,968,1239,250,811
2296,pimg,970,1240,249,809
2297,pimg,972,1241,249,807
2298,pimg,974,1242,248,805
2299,pimg,976,1243,248,803
2300,pimg,978,1244,247,801
2301,pimg,980,1245,247,799
2302,pimg,982,1246,246,798
2303,pimg,985,1247,245,796
2304,pimg,981,1244,250,801
2305,pimg,0,38,84,938
2306,pimg,0,71,78,938
2307,pimg,0,103,72,938
2308,pimg,1096,1359,210,760
2308,pimg,0,136,66,938
2309,p2,736,1888,68,1080
2309,pimg,1119,1382,204,755
2309,pimg,0,169,60,938
2310,p2,790,1920,64,1080
2310,pimg,1135,1397,202,752
2310,pimg,0,202,54,938
2311,p2,826,1920,59,1080
2311,pimg,1150,1413,199,749
2311,pimg,0,234,48,938
2312,p2,863,1920,53,1080
2312,pimg,1161,1442,198,759
2313,p2,899,1920,47,1080
2313,pimg,1173,1471,197,769
2314,pimg,1209,1488,193,757
2315,pimg,1222,1506,189,755
2316,pimg,1233,1521,183,751
2317,pimg,1220,1520,166,731
2318,pimg,1237,1519,148,711
2319,pimg,1234,1518,147,702
2320,pimg,1228,1517,145,705
2321,pimg,1223,1517,143,708
2322,pimg,1217,1516,142,711
2323,pimg,1213,1516,140,715
2324,pimg,1209,1515,139,718
2325,pimg,1205,1514,137,721
2326,pimg,1201,1514,135,724
2327,pimg,1197,1513,134,728
2328,pimg,1193,1513,132,731
2329,pimg,1189,1512,131,734
2330,pimg,1185,1511,129,737
2331,pimg,1181,1511,127,740
2332,pimg,1177,1510,126,744
2333,pimg,1173,1510,124,747
2334,pimg,1171,1508,123,746
2335,pimg,1170,1507,122,745
2336,pimg,1169,1505,121,744
2376,p2,1643,1920,580,1080
2376,pimg,1699,1920,72,740
2377,p2,1662,1920,599,1080
2377,pimg,1720,1920,72,740
2378,p2,1681,1920,618,1080
2378,pimg,1741,1920,72,740
2379,p2,1700,1920,636,1080
2379,pimg,1762,1920,72,740
2380,p2,1719,1920,655,1080
2380,pimg,1783,1920,72,740
2381,p2,1738,1920,674,1080
2381,pimg,1839,1920,72,740
2382,p1,0,95,404,1080
2382,p2,1765,1920,719,1080
2382,pimg,1848,1920,72,740
2383,p1,0,126,362,1080
2383,p2,1793,1920,765,1080
2383,pimg,1894,1920,72,740
2384,p1,0,186,352,1080
2384,p2,1820,1920,811,1080
2385,p1,0,247,342,1080
2385,p2,1848,1920,856,1080
2386,p1,0,307,331,1080
2386,p2,1876,1920,902,1080
2387,p1,0,368,321,1080
2387,p2,1876,1920,902,1080
2388,p1,0,422,314,1080
2400,pimg,3,182,369,903
2401,pimg,3,172,367,905
2402,pimg,3,169,367,905
2403,pimg,3,166,367,905
2404,pimg,3,149,367,905
2405,pimg,1876,1920,145,738
2405,pimg,3,133,367,905
2406,pimg,1866,1920,145,761
2406,pimg,3,115,367,905
2407,pimg,1857,1920,145,763
2407,pimg,3,97,367,905
2408,pimg,1847,1920,145,764
2408,pimg,3,79,367,905
2409,pimg,1837,1920,145,768
2409,pimg,3,60,367,905
2410,pimg,1827,1920,145,771
2410,pimg,3,57,367,905
2411,pimg,1798,1920,145,768
2411,pimg,3,53,367,905
2412,pimg,1768,1920,145,765
2412,pimg,3,47,367,905
2413,pimg,1798,1920,145,762
2413,pimg,3,40,367,905
2414,pimg,1768,1920,145,758
2414,pimg,3,36,367,905
2415,pimg,1739,1920,145,754
2415,pimg,3,31,367,905
2416,pimg,1749,1920,129,754
2416,pimg,3,33,367,905
2417,pimg,1746,1920,129,754
2417,pimg,3,36,367,905
2418,pimg,1743,1920,129,754
2418,pimg,3,38,367,905
2419,p2,1904,1920,1053,1080
2419,pimg,1741,1920,129,754
2419,pimg,3,40,367,905
2420,p2,1881,1920,1024,1080
2420,pimg,1739,1920,129,754
2420,pimg,3,42,367,905
2421,p2,1875,1920,1003,1080
2421,pimg,1739,1920,129,756
2421,pimg,3,45,367,905
2422,p2,1867,1920,999,1080
2422,pimg,1739,1920,129,758
2422,pimg,3,48,367,905
2423,p2,1860,1920,994,1080
2423,pimg,1739,1920,129,760
2423,pimg,3,52,367,905
2424,p2,1853,1920,990,1080
2424,pimg,1739,1920,129,761
2424,pimg,3,56,367,905
2425,p2,1815,1920,956,1080
2425,pimg,1739,1920,129,763
2425,pimg,3,59,367,905
2426,p2,1778,1920,922,1080
2426,pimg,1739,1920,129,765
2426,pimg,3,63,367,905
2427,p2,1778,1920,912,1080
2427,pimg,1739,1920,129,767
2427,pimg,3,67,367,905
2428,p2,1778,1920,901,1080
2428,pimg,1739,1920,129,769
2428,pimg,3,69,367,905
2429,p2,1778,1920,891,1080
2429,pimg,1739,1920,129,771
2429,pimg,3,71,367,905
2430,p2,1778,1920,880,1080
2430,pimg,1739,1920,129,773
2430,pimg,3,73,367,905
2431,p2,1778,1920,870,1080
2431,pimg,1739,1920,129,775
2431,pimg,3,75,367,905
2432,p2,1778,1920,859,1080
2432,pimg,1739,1920,129,777
2432,pimg,3,77,367,905
2433,p2,1778,1920,849,1080
2433,pimg,1739,1920,129,779
2433,pimg,3,79,367,905
2434,p2,1778,1920,838,1080
2434,pimg,1739,1920,129,780
2434,pimg,3,81,367,905
2435,p2,1778,1920,827,1080
2435,pimg,1740,1920,132,783
2435,pimg,3,83,367,905
2436,p2,1778,1920,817,1080
2436,pimg,1741,1920,134,785
2436,pimg,3,85,367,905
2437,p2,1776,1920,814,1080
2437,pimg,1742,1920,137,788
2437,pimg,3,87,367,905
2438,p2,1775,1920,812,1080
2438,pimg,1743,1920,139,791
2438,pimg,3,90,367,905
2439,p2,1773,1920,809,1080
2439,pimg,1745,1920,142,793
2439,pimg,3,92,367,905
2440,p2,1778,1920,807,1080
2440,pimg,1746,1920,144,796
2440,pimg,3,94,367,905
2441,p2,1774,1920,802,1080
2441,pimg,1747,1920,147,798
2441,pimg,3,96,367,905
2442,p2,1770,1920,797,1080
2442,pimg,1748,1920,150,801
2442,pimg,3,98,367,905
2443,p2,1766,1920,792,1080
2443,pimg,1749,1920,152,803
2443,pimg,3,100,367,905
2444,p2,1761,1920,788,1080
2444,pimg,1751,1920,155,806
2444,pimg,3,101,367,905
2445,p2,1757,1920,783,1080
2445,pimg,1752,1920,157,808
2445,pimg,3,102,367,905
2446,p2,1753,1920,778,1080
2446,pimg,1753,1920,160,811
2446,pimg,3,103,367,905
2447,p2,1749,1920,774,1080
2447,pimg,1754,1920,162,813
2447,pimg,3,104,367,905
2448,p2,1745,1920,769,1080
2448,pimg,1758,1920,165,816
2448,pimg,3,105,367,905
2449,p2,1741,1920,764,1080
2449,pimg,1762,1920,167,818
2449,pimg,3,106,367,905
2450,p2,1736,1920,760,1080
2450,pimg,1766,1920,170,821
2450,pimg,3,107,367,905
2451,p2,1725,1920,260,1080
2451,pimg,1770,1920,172,824
2451,pimg,3,108,367,905
2452,p2,1713,1920,232,1080
2452,pimg,1774,1920,175,826
2452,pimg,3,109,367,905
2453,p2,1701,1920,204,1080
2453,pimg,1778,1920,177,829
2453,pimg,3,110,367,905
2454,p2,1689,1920,176,1080
2454,pimg,1781,1920,180,831
2454,pimg,3,111,367,905
2455,p2,1677,1920,148,1080
2455,pimg,1785,1920,182,834
2455,pimg,3,113,367,905
2456,p2,1665,1920,120,1080
2456,pimg,1789,1920,185,836
2456,pimg,3,114,367,905
2457,p2,1654,1920,92,1080
2457,pimg,1793,1920,188,839
2457,pimg,3,115,367,905
2458,p2,1642,1920,65,1080
2458,pimg,1797,1920,190,841
2458,pimg,3,131,367,905
2459,p2,1630,1920,37,1080
2459,pimg,1819,1920,188,839
2459,pimg,3,147,367,905
2460,p2,1618,1920,9,1080
2460,pimg,3,160,367,905
2461,p2,1543,1920,0,1080
2461,pimg,3,174,367,905
2462,pimg,3,187,367,905
2463,pimg,3,201,367,905
2464,pimg,3,214,367,905
2465,p2,1355,1920,0,1080
2465,pimg,1247,1673,137,855
2466,p2,1273,1920,0,1080
2466,pimg,1259,1684,139,857
2467,p2,1172,1920,0,1080
2467,pimg,1270,1696,140,859
2468,pimg,1294,1720,136,854
2469,pimg,1319,1744,132,850
2470,p1,510,1252,361,1080
2470,p2,867,1920,0,1080
2470,pimg,1343,1769,127,845
2470,pimg,769,1194,42,835
2471,p1,533,1280,357,1080
2471,p2,729,1920,0,1080
2471,pimg,1367,1793,123,841
2471,pimg,782,1206,43,836
2472,p1,557,1309,352,1080
2472,p2,590,1868,0,1080
2472,pimg,1391,1817,118,837
2472,pimg,794,1218,44,836
2473,p1,580,1338,348,1080
2473,p2,452,1719,0,1080
2473,pimg,1416,1841,114,832
2473,pimg,808,1233,35,834
2474,p1,604,1366,344,1080
2474,pimg,823,1247,26,832
2475,p1,627,1395,340,1080
2475,p2,175,1423,0,1080
2475,pimg,838,1262,17,830
2475,pimg,74,352,364,902
2476,p1,651,1423,336,1080
2476,p2,18,1279,0,1080
2476,pimg,853,1277,8,828
2476,pimg,88,366,362,900
2477,p1,674,1452,331,1080
2477,p2,0,1135,0,1080
2477,pimg,868,1292,0,825
2477,pimg,102,380,360,898
2478,pimg,113,391,364,902
2479,p2,0,846,0,1080
2479,pimg,125,403,367,905
2480,p2,0,702,0,1080
2480,pimg,136,414,371,909
2481,p2,0,683,0,1080
2481,pimg,147,425,375,913
2482,p2,0,664,0,1080
2482,pimg,159,437,378,916
2486,p2,0,220,968,1080
2487,p2,0,102,1012,1080
2491,pimg,0,184,415,953
2492,pimg,0,115,411,949
2494,pimg,1811,1920,0,738
2495,pimg,1730,1920,0,726
2496,pimg,1650,1920,0,714
2500,pimg,20,430,0,743
2501,pimg,0,395,0,739
2504,pimg,0,342,0,704
2508,pimg,0,305,0,667
2510,pimg,0,283,0,642
2511,pimg,0,285,0,643
2513,pimg,0,291,0,643
2514,pimg,0,293,0,643
2516,pimg,0,299,0,643
2517,pimg,0,301,0,644
2518,pimg,0,304,0,644
2519,pimg,0,307,0,644
2520,pimg,0,309,0,644
2521,pimg,0,312,0,644
2523,pimg,0,317,0,645
2524,pimg,0,320,0,645
2525,pimg,0,322,0,645
2526,pimg,0,325,0,645
2528,pimg,0,330,0,646
2530,pimg,0,336,0,646
2531,p1,1139,1920,0,1078
2531,pimg,1210,1593,1,554
2531,pimg,0,339,0,646
2532,pimg,0,341,0,646
2533,pimg,0,344,0,647
2538,p1,1650,1920,0,1078
2539,pimg,0,75,294,595
2540,pimg,0,74,291,592
2541,pimg,0,73,288,589
2542,pimg,0,73,286,586
2543,pimg,0,72,283,584
2544,pimg,0,70,283,584
2545,pimg,0,68,283,584
2546,pimg,0,66,283,584
2547,pimg,0,64,283,584
2548,pimg,0,62,283,584
2549,pimg,0,62,287,588
2550,pimg,0,62,291,592
2551,pimg,0,62,295,596
2552,pimg,0,62,300,601
2553,pimg,0,62,306,606
2554,pimg,0,62,304,605
2555,pimg,0,62,303,604
2556,pimg,0,61,302,603
2557,pimg,0,61,301,601
2558,pimg,0,61,299,600
2559,pimg,0,61,298,599
2560,pimg,0,61,297,598
2561,pimg,0,61,296,596
2562,pimg,0,60,294,595
2563,pimg,0,60,293,594
2564,pimg,0,61,292,592
2565,pimg,0,61,291,591
2566,pimg,0,61,289,590
2567,pimg,0,61,288,589
2568,pimg,0,61,287,587
2569,pimg,0,62,285,586
2570,pimg,0,63,284,584
2571,pimg,0,64,282,583
2572,pimg,0,65,281,582
2573,pimg,0,66,279,580
2574,pimg,0,67,278,579
2575,pimg,0,68,277,577
2576,pimg,0,69,275,576
2577,pimg,0,70,274,574
2578,pimg,0,71,272,573
2579,pimg,0,72,271,571
2580,pimg,0,73,269,570
2581,pimg,0,74,269,570
2582,pimg,0,76,269,570
2583,pimg,0,78,269,570
2584,pimg,0,80,269,570
2585,pimg,0,80,269,570
2586,pimg,0,81,269,570
2587,pimg,0,82,268,570
2588,pimg,0,82,268,570
2589,pimg,0,83,268,570
2590,pimg,0,84,268,570
2591,pimg,0,84,267,570
2592,pimg,0,85,267,570
2593,pimg,0,86,267,570
2594,pimg,0,86,267,570
2595,pimg,0,87,266,570
2596,pimg,0,87,266,570
2597,pimg,0,88,266,570
2598,pimg,0,89,265,570
2599,pimg,0,89,265,570
2600,pimg,0,90,265,570
2601,pimg,0,91,265,570
2602,pimg,0,92,265,570
2603,pimg,0,93,265,570
2604,pimg,0,94,265,570
2605,pimg,0,95,265,570
2606,pimg,0,96,265,570
2607,pimg,0,97,265,570
2608,pimg,0,98,265,570
2609,pimg,0,99,265,570
2610,pimg,0,100,265,570
2611,pimg,0,101,265,570
2612,pimg,0,102,265,570
2613,pimg,0,103,265,570
2614,pimg,0,104,265,570
2615,pimg,0,105,265,570
2616,pimg,0,106,265,570
2617,pimg,0,108,265,570
2618,pimg,0,108,265,570
2619,pimg,0,108,265,570
2620,pimg,0,109,265,570
2621,pimg,0,109,265,570
2622,pimg,0,109,265,570
2623,pimg,0,110,265,570
2624,p1,1328,1920,7,1078
2624,pimg,1365,1559,139,503
2624,pimg,0,110,265,570
2625,p1,1329,1920,7,1078
2625,pimg,1365,1560,139,503
2625,pimg,0,111,265,570
2626,p1,1330,1920,7,1078
2626,pimg,1366,1560,139,503
2626,pimg,0,111,265,570
2627,pimg,0,111,265,570
2628,pimg,0,112,265,570
2629,p1,1332,1920,7,1078
2629,pimg,1368,1563,139,503
2629,pimg,0,112,265,570
2630,p1,1333,1920,7,1078
2630,pimg,1369,1563,139,503
2630,pimg,0,113,265,570
2631,p1,1333,1920,7,1078
2631,pimg,1370,1564,139,503
2631,pimg,0,113,265,570
2632,p1,1334,1920,7,1078
2632,pimg,1370,1564,139,503
2632,pimg,0,113,265,570
2633,p1,1335,1920,7,1078
2633,pimg,1371,1565,139,503
2633,pimg,0,114,265,570
2634,p1,1336,1920,7,1078
2634,pimg,1371,1565,139,503
2634,pimg,0,114,265,570
2635,p1,1336,1920,7,1078
2635,pimg,1372,1566,139,503
2635,pimg,0,115,265,570
2636,p1,1337,1920,7,1078
2636,pimg,1372,1566,139,503
2636,pimg,0,115,265,570
2637,p1,1338,1920,7,1078
2637,pimg,1373,1567,139,503
2637,pimg,0,115,265,570
2638,p1,1338,1920,7,1078
2638,pimg,1373,1568,139,503
2638,pimg,0,116,265,570
2639,p1,1339,1920,7,1078
2639,pimg,1374,1568,139,503
2639,pimg,0,116,265,570
2640,p1,1340,1920,7,1078
2640,pimg,1374,1569,139,503
2640,pimg,0,117,265,570
2641,p1,1340,1920,7,1078
2641,pimg,1376,1570,139,504
2641,pimg,0,117,265,570
2642,p1,1341,1920,7,1078
2642,pimg,1377,1572,140,505
2642,pimg,0,118,265,570
2643,p1,1341,1920,7,1078
2643,pimg,1379,1573,141,506
2643,pimg,0,119,265,570
2644,p1,1341,1920,7,1078
2644,pimg,1380,1575,142,506
2645,p1,1342,1920,7,1078
2645,pimg,1382,1576,142,507
2645,pimg,0,120,265,570
2646,p1,1342,1920,7,1078
2646,pimg,1384,1578,143,508
2647,p1,1342,1920,7,1078
2647,pimg,1385,1579,144,509
2648,p1,1343,1920,7,1078
2648,pimg,1387,1581,145,510
2649,p1,1343,1920,7,1078
2649,pimg,1388,1582,146,510
2650,p1,1343,1920,7,1078
2650,pimg,1390,1584,146,511
2651,p1,1344,1920,7,1078
2651,pimg,1388,1582,147,511
2652,p1,1344,1920,7,1078
2652,pimg,1387,1581,147,512
2653,p1,1344,1920,7,1078
2653,pimg,1385,1580,147,512
2653,pimg,0,124,265,570
2654,p1,1345,1920,7,1078
2654,pimg,1384,1578,147,512
2654,pimg,0,113,265,570
2655,p1,1345,1920,7,1078
2655,pimg,1383,1577,148,512
2655,pimg,0,121,265,573
2656,p1,1346,1920,7,1078
2656,pimg,1381,1575,148,513
2657,p1,1346,1920,7,1078
2657,pimg,1380,1574,148,513
2658,p1,1346,1920,7,1078
2658,pimg,1378,1573,148,513
2659,p1,1347,1920,7,1078
2659,pimg,1377,1571,149,513
2660,p1,1347,1920,7,1078
2660,pimg,1376,1570,149,514
2661,p1,1347,1920,7,1078
2661,pimg,1374,1568,149,513
2662,p1,1348,1920,7,1078
2662,pimg,1373,1567,149,513
2662,pimg,0,128,265,582
2663,p1,1348,1920,7,1078
2663,pimg,1371,1565,148,513
2663,pimg,0,126,265,582
2664,p1,1351,1920,7,1078
2664,pimg,1369,1564,148,513
2664,pimg,0,124,265,582
2665,p1,1353,1920,7,1078
2665,pimg,1368,1562,148,513
2665,pimg,0,122,265,582
2666,p1,1356,1920,7,1078
2666,pimg,1366,1561,148,513
2666,pimg,0,120,265,582
2667,p1,1359,1920,7,1078
2667,pimg,1365,1559,148,513
2667,pimg,0,118,265,582
2668,p1,1361,1920,7,1078
2668,pimg,1363,1558,148,513
2668,pimg,0,115,266,582
2669,p1,1364,1920,7,1078
2669,pimg,1362,1556,148,512
2669,pimg,0,112,268,582
2670,p1,1367,1920,7,1078
2670,pimg,1360,1554,148,512
2670,pimg,0,108,270,582
2671,p1,1370,1920,7,1078
2671,pimg,1364,1558,148,512
2671,pimg,0,111,270,582
2672,p1,1372,1920,7,1078
2672,pimg,1367,1561,148,513
2672,pimg,0,112,270,582
2673,p1,1375,1920,7,1078
2673,pimg,1370,1564,148,513
2673,pimg,0,114,270,582
2674,p1,1378,1920,7,1078
2674,pimg,1374,1568,148,513
2674,pimg,0,117,270,582
2675,p1,1380,1920,7,1078
2675,pimg,1377,1571,148,513
2675,pimg,0,118,270,582
2676,p1,1383,1920,7,1078
2676,pimg,1380,1574,148,513
2676,pimg,0,120,270,582
2677,p1,1386,1920,7,1078
2677,pimg,1384,1578,148,513
2677,pimg,0,122,270,582
2678,p1,1388,1920,7,1078
2678,pimg,1387,1581,149,513
2678,pimg,0,124,270,582
2679,p1,1391,1920,7,1078
2679,pimg,1390,1584,149,513
2679,pimg,0,126,270,582
2680,p1,1407,1920,7,1078
2680,pimg,1393,1588,149,514
2680,pimg,0,128,270,582
2681,p1,1423,1920,7,1078
2681,pimg,1394,1588,148,513
2682,p1,1439,1920,7,1078
2682,pimg,1395,1589,147,512
2682,pimg,0,130,270,582
2683,p1,1455,1920,7,1078
2683,pimg,1395,1590,146,511
2683,pimg,0,131,270,582
2684,p1,1471,1920,7,1078
2684,pimg,1396,1590,145,510
2685,p1,1487,1920,7,1078
2685,pimg,1397,1591,144,509
2686,p1,1503,1920,7,1078
2686,pimg,1397,1592,144,508
2686,pimg,0,135,270,582
2687,p1,1519,1920,7,1078
2687,pimg,1398,1592,143,507
2687,pimg,0,133,270,582
2688,p1,1535,1920,7,1078
2688,pimg,1399,1593,142,506
2688,pimg,0,130,270,582
2689,p1,1551,1920,7,1078
2689,pimg,1399,1593,141,506
2689,pimg,0,126,270,582
2690,p1,1551,1920,7,1078
2690,pimg,1400,1594,140,505
2690,pimg,0,121,270,582
