frame number,total predicions,frame time
0,6,2.554472684860229
1,6,2.653903722763061
2,6,2.728931427001953
3,6,2.806373357772827
4,6,2.881889820098877
5,6,2.9584286212921143
6,6,3.0360476970672607
7,6,3.0970571041107178
8,6,3.159015893936157
9,6,3.2210323810577397
10,6,3.2825398445129395
11,6,3.344271659851074
12,6,3.4067933559417725
13,6,3.468919038772583
14,6,3.530936479568481
15,6,3.592949390411377
16,6,3.654130935668945
17,6,3.716652154922485
18,6,3.778673887252808
19,6,3.840693235397339
20,6,3.9037041664123535
21,6,3.9647159576416016
22,6,4.026716709136963
23,6,4.088231801986694
24,6,4.149415175120036
25,6,4.211271047592163
26,6,4.273555278778076
27,6,4.33440899848938
28,6,4.396934270858765
29,6,4.458433151245117
30,6,4.520305395126343
31,6,4.582387447357178
32,6,4.645685434341431
33,6,4.706713438034058
34,6,4.76773738861084
35,6,4.831272602081299
36,6,4.891555309295654
37,6,4.954910755157471
38,6,5.015888452529907
39,6,5.077127456665039
40,6,5.138638496398926
41,7,5.200944900512695
42,7,5.262977600097656
43,7,5.324228286743164
44,7,5.386906623840332
45,6,5.448576211929321
46,7,5.510381289890835
47,7,5.57261848449707
48,6,5.633417129516602
49,6,5.69573974609375
50,6,5.757263660430908
51,6,5.819287300109863
52,6,5.881310701370239
53,6,5.942456483840942
54,6,6.003990173339844
55,6,6.067901849746704
56,6,6.128919124603272
57,6,6.190802812576294
58,6,6.252337455749512
59,6,6.314852476119995
60,6,6.3763954639434814
61,6,6.4388697147369385
62,5,6.500571966171265
63,5,6.562251091003418
64,5,6.624268770217897
65,5,6.685286998748779
66,5,6.7477991580963135
67,5,6.809325695037842
68,5,6.872337102890015
69,5,6.933419227600098
70,5,6.995939016342163
71,5,7.057966709136963
72,5,7.119986772537233
73,5,7.182417631149292
74,5,7.243438482284546
75,5,7.305954933166504
76,5,7.368971824645996
77,5,7.432091951370239
78,6,7.509177923202515
79,6,7.586704969406128
80,6,7.665247201919556
81,6,7.7417731285095215
82,6,7.818806648254394
83,6,7.895504713058472
84,6,7.973432699839274
85,6,8.050287961959839
86,6,8.127808332443237
87,6,8.20534348487854
88,6,8.282878160476685
89,6,8.360544681549072
90,6,8.438578605651855
91,6,8.516601800918579
92,6,8.593777020772299
93,6,8.670615911483765
94,5,8.748110294342041
95,5,8.825132608413696
96,5,8.902938842773438
97,5,8.979450225830078
98,5,9.05712080001831
99,5,9.134135723114014
100,5,9.211971473693847
101,5,9.290693759918211
102,5,9.36681661605835
103,5,9.467448902130126
104,5,9.544594764709473
105,6,9.61719024181366
106,5,9.692734289169312
107,6,9.770465850830078
108,6,9.845984935760498
109,6,9.92210026582082
110,6,9.99903416633606
111,6,10.080548286437988
112,6,10.152101993560793
113,6,10.229779402414957
114,6,10.307984034220377
115,6,10.384185314178469
116,6,10.461551666259766
117,6,10.53960633277893
118,6,10.617292881011965
119,6,10.693536043167114
120,6,10.77115249633789
121,6,10.847829580307009
122,6,10.924846410751345
123,6,11.002381086349487
124,6,11.078721721967062
125,6,11.157464027404783
126,7,11.233643770217896
127,7,11.310609340667725
128,7,11.388126373291016
129,7,11.465298414230348
130,7,11.548322200775146
131,7,11.625835657119753
132,7,11.703649997711182
133,7,11.778170585632324
134,6,11.855623483657835
135,6,11.932655334472656
136,6,12.010693073272703
137,6,12.087384104728699
138,5,12.165660619735718
139,5,12.242842388153075
140,5,12.319159746170044
141,5,12.396235466003418
142,5,12.473272800445557
143,6,12.549809217453005
144,6,12.627333879470823
145,6,12.70484471321106
146,6,12.782292604446411
147,6,12.860313415527344
148,6,12.936847448349
149,6,13.014400005340576
150,6,13.091797351837158
151,6,13.169335126876833
152,6,13.246356964111328
153,6,13.323872327804564
154,6,13.401894807815552
155,6,13.478910446166992
156,6,13.559319496154783
157,6,13.63734006881714
158,6,13.71487045288086
159,6,13.788489460945128
160,7,13.865804433822632
161,7,13.9443256855011
162,7,14.019853115081789
163,7,14.098304748535156
164,7,14.175521612167358
165,7,14.252198014940534
166,7,14.328814029693604
167,7,14.406307220458984
168,7,14.484308958053589
169,7,14.56183671951294
170,7,14.638653925486974
171,7,14.716390609741213
172,7,14.793210744857788
173,7,14.87066388130188
174,7,14.947977304458618
175,7,15.025362287248884
176,7,15.103027820587158
177,7,15.18004035949707
178,7,15.257582426071169
179,7,15.335126638412476
180,7,15.411824362618583
181,7,15.488767862319946
182,7,15.568793773651125
183,7,15.646169696535383
184,7,15.72398066520691
185,7,15.802015781402588
186,7,15.878335952758787
187,7,15.957678079605104
188,7,16.033830404281616
189,7,16.11151647567749
190,6,16.185177326202393
191,6,16.262012004852295
192,6,16.339032411575317
193,6,16.416557550430298
194,6,16.49366021156311
195,6,16.570333003997803
196,6,16.647353410720825
197,6,16.724880695343018
198,6,16.80240535736084
199,6,16.88041591644287
200,6,16.957003116607666
201,6,17.03394103050232
202,7,17.111690759658813
203,7,17.188226222991943
204,7,17.265662670135498
205,7,17.34300661087036
206,7,17.420552492141724
207,7,17.49718451499939
208,7,17.57470726966858
209,7,17.65122938156128
210,7,17.72853422164917
211,8,17.80656337738037
212,8,17.88309144973755
213,8,17.96362066268921
214,7,18.040969405855453
215,7,18.11906576156616
216,7,18.19608044624329
217,7,18.273250102996823
218,7,18.349886894226078
219,7,18.42733154978071
220,7,18.505938053131104
221,7,18.580955743789676
222,7,18.65698838233948
223,7,18.73402976989746
224,7,18.811059713363647
225,7,18.888973474502563
226,7,18.966688871383667
227,7,19.043721675872803
228,6,19.12074828147888
229,7,19.19852185249329
230,7,19.27555012702942
231,6,19.3530170917511
232,7,19.43052840232849
233,6,19.50705361366272
234,7,19.58506941795349
235,7,19.661606550216675
236,7,19.73903608322144
237,7,19.81606435775757
238,7,19.89404582977295
239,8,19.97007393836975
240,8,20.048467576503754
241,8,20.12561321258545
242,9,20.20262742042541
243,8,20.28088402748108
244,9,20.35991215705872
245,8,20.43844318389893
246,8,20.51499843597412
247,9,20.591514348983765
248,8,20.668242067098618
249,7,20.745551586151123
250,8,20.82221031188965
251,8,20.900675535202023
252,7,20.974201679229736
253,7,21.052216053009037
254,7,21.128727912902832
255,7,21.206417322158813
256,7,21.283390862601145
257,7,21.36098599433899
258,7,21.438528299331665
259,7,21.515563011169437
260,8,21.59304165840149
261,8,21.67059302330017
262,9,21.747874975204468
263,9,21.82490181922913
264,7,21.90293264389038
265,6,21.97871780395508
266,6,22.05747950077057
267,6,22.135246753692627
268,7,22.21277642250061
269,7,22.29042342730931
270,7,22.36773419380188
271,7,22.444784232548304
272,7,22.521472692489624
273,7,22.598612717219762
274,7,22.676203727722168
275,7,22.75608205795288
276,7,22.83309292793274
277,7,22.911110639572144
278,7,22.9856538772583
279,7,23.06290262086051
280,7,23.139564037323
281,7,23.216602563858032
282,7,23.295400381088257
283,7,23.3719003200531
284,7,23.44948206629072
285,7,23.52658224105835
286,7,23.604731457574026
287,7,23.68240213394165
288,7,23.7584285736084
289,7,23.836459636688232
290,7,23.91326379776001
291,7,23.98994469642639
292,7,24.066962242126465
293,7,24.14447522163391
294,7,24.2219877243042
295,6,24.30029845237732
296,6,24.376575827598572
297,6,24.454216241836548
298,6,24.530892610549927
299,6,24.607813954353333
300,6,24.68592476844788
301,6,24.76636854807536
302,6,24.844315767288208
303,6,24.922367334365845
304,6,24.99824070930481
305,6,25.075256824493408
306,6,25.15277910232544
307,6,25.230297088623047
308,6,25.30823604265849
309,6,25.382320801417034
310,6,25.45942640304565
311,6,25.53525471687317
312,6,25.613093852996823
313,6,25.69061160087585
314,6,25.76814293861389
315,6,25.845141887664795
316,6,25.92251873016357
317,6,25.99904441833496
318,6,26.07706594467163
319,6,26.154576301574707
320,6,26.23240685462952
321,5,26.308431148529053
322,5,26.385950326919563
323,5,26.464491605758667
324,5,26.54052233695984
325,5,26.619046449661248
326,6,26.69525909423828
327,5,26.77327561378479
328,5,26.849793672561653
329,6,26.92780423164368
330,6,27.00381684303284
331,6,27.081356287002563
332,4,27.16075986623764
333,5,27.238406896591187
334,5,27.31510615348816
335,5,27.391751527786248
336,5,27.46876859664917
337,5,27.54678988456726
338,5,27.622825384140008
339,5,27.70136332511902
340,5,27.774877548217773
341,5,27.852887630462646
342,5,27.929779767990112
343,5,28.006774187088013
344,5,28.084774017333984
345,5,28.16128635406494
346,5,28.23941898345948
347,5,28.314944744110107
348,5,28.393463850021355
349,5,28.47001028060913
350,5,28.54727602005005
351,5,28.62420787811279
352,5,28.70261788368225
353,5,28.778646230697632
354,5,28.856433868408203
355,5,28.93293404579162
356,5,29.010617065429688
357,5,29.088595151901245
358,5,29.16461706161499
359,5,29.24263882637024
360,5,29.3196668624878
361,5,29.396692037582405
362,5,29.473961353301995
363,5,29.555516958236687
364,5,29.633037567138672
365,5,29.71105074882508
366,5,29.78613758087159
367,6,29.861655235290527
368,6,29.94017219543457
369,6,30.016693592071533
370,6,30.09422731399536
371,6,30.171967029571533
372,6,30.24948787689209
373,6,30.32683277130127
374,6,30.40412425994873
375,6,30.481194972991943
376,6,30.55899119377136
377,6,30.6355197429657
378,6,30.71355509757996
379,7,30.791282892227173
380,7,30.86830186843872
381,7,30.945823669433597
382,7,31.02184772491455
383,7,31.09942936897278
384,7,31.175944089889526
385,7,31.25298023223877
386,7,31.33050227165222
387,7,31.408020973205566
388,7,31.48554944992065
389,7,31.566238369260514
390,7,31.64240145683289
391,7,31.71963334083557
392,7,31.798161029815677
393,7,31.87413501739502
394,7,31.952624559402462
395,7,32.02866005897522
396,7,32.1076717376709
397,7,32.18170976638794
398,7,32.25844049453735
399,7,32.335973262786865
400,7,32.41316509246826
401,7,32.489795446395874
402,7,32.56682538986206
403,7,32.64436984062195
404,6,32.72188782691956
405,6,32.79969048500061
406,7,32.8766485282353
407,7,32.95487437929426
408,7,33.032307863235474
409,7,33.109816551208496
410,6,33.1873095035553
411,6,33.26482367515564
412,6,33.341854095458984
413,6,33.41938257217407
414,6,33.49641418457031
415,6,33.57444739341736
416,6,33.65047216415405
417,6,33.72800278663635
418,5,33.80502152442932
419,6,33.88281059265137
420,6,33.96284294128418
421,6,34.040369749069214
422,6,34.11678886413574
423,6,34.19416379928589
424,6,34.271498680114746
425,6,34.34902381896973
426,6,34.42674422264099
427,7,34.50295615196228
428,7,34.580178022384644
429,7,34.65782904624939
430,7,34.73490881919861
431,7,34.81193661689758
432,8,34.889962673187256
433,7,34.96476003101894
434,7,35.04232215881348
435,7,35.1188485622406
436,7,35.1973602771759
437,8,35.27416229248047
438,7,35.351176261901855
439,7,35.42790331159319
440,8,35.50533127784729
441,7,35.582170724868774
442,6,35.66019415855408
443,7,35.73715782165527
444,7,35.81394028663635
445,6,35.890862226486206
446,6,35.96838736534119
447,7,36.046355962753296
448,7,36.12316346168518
449,7,36.1999716758728
450,7,36.27749967575073
451,8,36.35501337051392
452,7,36.43242941583906
453,7,36.50824505942209
454,7,36.5868444442749
455,7,36.662885427474976
456,7,36.74370380810329
457,7,36.81936478614807
458,7,36.89823246002197
459,7,36.971470151628765
460,7,37.04927849769592
461,7,37.1268048286438
462,7,37.2038152217865
463,7,37.28150510787964
464,7,37.35784101486206
465,7,37.43635129928589
466,7,37.512373208999634
467,7,37.590208768844604
468,7,37.66674208641052
469,7,37.743778228759766
470,7,37.821635893412996
471,6,37.89915871620178
472,6,37.97467064857483
473,6,38.05269002914429
474,6,38.13050937652588
475,6,38.20701289176941
476,6,38.28553724288941
477,6,38.36202049255371
478,6,38.43902969360352
479,6,38.51655387878418
480,6,38.59408640861511
481,6,38.672611713409424
482,7,38.752891302108765
483,7,38.829136746270315
484,7,38.907656805855886
485,7,38.9801652431488
486,7,39.05802617754255
487,7,39.135337931769236
488,7,39.21243643760681
489,7,39.29035568237305
490,7,39.36703395843506
491,7,39.445075035095215
492,7,39.52159118652344
493,7,39.59919428825378
494,7,39.67757841518947
495,6,39.75417172908783
496,5,39.83102583885193
497,5,39.90804290771485
498,5,39.986079692840576
499,5,40.06362223625183
500,5,40.14086675643921
501,5,40.21790289878845
502,5,40.29542136192322
503,5,40.37253866195679
504,5,40.44945621490479
505,4,40.52683997154236
506,6,40.603970527648926
507,6,40.68239116668701
508,6,40.76241254806519
509,7,40.83942604064941
510,6,40.91722822189331
511,7,40.99426341056824
512,6,41.07005719343822
513,6,41.14872097969055
514,7,41.2252402305603
515,6,41.30275774002075
516,6,41.37655154863993
517,8,41.45304989814758
518,7,41.531041622161865
519,8,41.60823273658752
520,8,41.686264991760254
521,7,41.76342511177063
522,7,41.839940786361694
523,7,41.91603112220764
524,7,41.994558811187744
525,7,42.07157826423645
526,7,42.14961123466492
527,7,42.22712540626526
528,7,42.30472135543823
529,7,42.38104867935181
530,7,42.45814333643232
531,7,42.53532705988203
532,7,42.61319231987
533,7,42.68821907043457
534,7,42.76653746196202
535,7,42.84377694129944
536,7,42.92085123062134
537,8,42.99822425842285
538,7,43.07565460886274
539,7,43.15525555610657
540,8,43.23329401016235
541,8,43.31081891059876
542,8,43.38791608810425
543,6,43.46461145083109
544,6,43.54239368438721
545,6,43.61935102939606
546,7,43.69773769378662
547,6,43.77175974845886
548,6,43.847771644592285
549,6,43.92529797554016
550,6,44.00269937515259
551,6,44.08090019226074
552,6,44.15656781196594
553,6,44.23509120941162
554,6,44.31173531214396
555,6,44.38824820518494
556,6,44.46636827786764
557,6,44.54380965232849
558,6,44.62182331085205
559,6,44.697998046875
560,6,44.77655220031738
561,6,44.85307621955872
562,6,44.93108367919922
563,7,45.00760507583618
564,7,45.084290981292725
565,6,45.1613290309906
566,6,45.23983526229858
567,7,45.31677682059152
568,7,45.39392375946045
569,6,45.47196316719055
570,6,45.552438497543335
571,6,45.62882053852081
572,6,45.706700801849365
573,6,45.78123497962952
574,6,45.85808420181274
575,6,45.93508243560791
576,6,46.01410365104675
577,6,46.08975338935852
578,6,46.16694903373718
579,7,46.24475884437561
580,6,46.32177472114563
581,7,46.39964291027614
582,7,46.47654908043997
583,7,46.55353116989136
584,7,46.63055396080017
585,7,46.70876860618591
586,7,46.78593873977661
587,7,46.86246538162232
588,7,46.94072389602661
589,7,47.01773929595947
590,7,47.09525418281555
591,7,47.172203234263826
592,7,47.24878478050232
593,7,47.32580900192261
594,8,47.40343037247658
595,7,47.48045110702515
596,8,47.56110453605652
597,8,47.63863158226013
598,7,47.71614718437195
599,7,47.792863266808645
600,7,47.87046456336975
601,7,47.94848346710205
602,7,48.02549743652344
603,7,48.102942943573
604,7,48.17961311340332
605,7,48.25614786148071
606,7,48.33344483375549
607,7,48.40997052192688
608,7,48.48798871040344
609,7,48.56152391433716
610,7,48.63944053649902
611,7,48.7156412260873
612,6,48.79402041435242
613,6,48.87105441093445
614,6,48.94906806945801
615,6,49.02573347091675
616,6,49.10375356674194
617,7,49.18181654385158
618,7,49.25800085067749
619,7,49.336533308029175
620,7,49.41355323791504
621,7,49.49008369445801
622,7,49.56728720664978
623,7,49.64529085159302
624,7,49.72180795669556
625,7,49.79911279678345
626,6,49.87764000892639
627,6,49.9533269405365
628,8,50.031856536865234
629,8,50.1082022190094
630,7,50.18625354766846
631,7,50.26328420639038
632,6,50.34430456161499
633,7,50.42263841629028
634,7,50.49965453147888
635,7,50.5737886428833
636,7,50.649824142456055
637,7,50.72756045205252
638,7,50.80586671829224
639,7,50.883069140570505
640,7,50.9601686000824
641,7,51.03602392332895
642,8,51.11527866125107
643,8,51.19135856628418
644,8,51.26939582824707
645,8,51.34749293327332
646,7,51.42494283403669
647,7,51.5010256086077
648,7,51.57832336425781
649,7,51.6553111076355
650,7,51.73213601112366
651,7,51.8086371421814
652,7,51.88613653182984
653,7,51.96416211128235
654,7,52.041179895401
655,7,52.11720037460327
656,7,52.1948299407959
657,7,52.2727587223053
658,7,52.35227108001709
659,8,52.43079471588135
660,8,52.507020235061646
661,7,52.58383512496948
662,7,52.66088342666626
663,7,52.73765921592712
664,6,52.81509983539581
665,7,52.89247679710388
666,7,52.96649694442749
667,6,53.04503965377808
668,6,53.12257122993469
669,6,53.2005820274353
670,6,53.27710700035095
671,6,53.35364198684693
672,6,53.43215084075928
673,6,53.50817275047302
674,6,53.58592295646668
675,6,53.66247534751892
676,6,53.73956298828125
677,6,53.81558179855347
678,6,53.89410972595215
679,7,53.97101712226868
680,7,54.04853558540344
681,7,54.12603187561035
682,6,54.20326900482178
683,7,54.281036376953125
684,7,54.35795855522156
685,6,54.43648433685303
686,6,54.513020515441895
687,6,54.58949065208435
688,6,54.66649556159973
689,6,54.74768137931824
690,6,54.82340145111084
691,6,54.9018280506134
692,6,54.97484612464905
693,6,55.05337405204773
694,6,55.1304144859314
695,6,55.20722150802612
696,6,55.285226345062256
697,6,55.36175203323364
698,6,55.4402711391449
699,6,55.51679039001465
700,6,55.59481620788574
701,6,55.67183065414429
702,5,55.74834036827089
703,6,55.82516860961914
704,8,55.904359579086304
705,8,55.980881214141846
706,8,56.05791068077088
707,8,56.13622689247131
708,8,56.21325659751892
709,8,56.29045960307121
710,8,56.36704874038696
711,8,56.445568323135376
712,8,56.52235150337219
713,8,56.598355293273926
714,8,56.67540815472603
715,8,56.756712198257446
716,8,56.83242470026016
717,8,56.91117882728577
718,8,56.98818802833557
719,8,57.06574010848999
720,8,57.14327335357666
721,8,57.21979117393494
722,8,57.29781150817871
723,8,57.37105369567871
724,8,57.44856858253479
725,8,57.52536082267761
726,8,57.601989686489105
727,8,57.68003225326538
728,8,57.756834894418716
729,8,57.83356469869614
730,8,57.91183227300644
731,8,57.98872900009155
732,8,58.06616520881653
733,9,58.14318299293518
734,8,58.22201067209244
735,9,58.297672748565674
736,8,58.374352514743805
737,9,58.4515118598938
738,9,58.528799295425415
739,9,58.60632395744324
740,8,58.68219661712647
741,9,58.75919842720032
742,9,58.836668252944946
743,9,58.91470146179199
744,9,58.99121427536011
745,9,59.06874585151671
746,9,59.148399353027344
747,9,59.22644639015198
748,9,59.302942752838135
749,9,59.37770891189575
750,9,59.45548319816588
751,9,59.53150844573976
752,8,59.60910600423813
753,8,59.68624877929688
754,8,59.76429080963135
755,9,59.84115931722853
756,10,59.91824412345886
757,8,59.99576163291931
758,8,60.073220163583755
759,8,60.15043902397156
760,8,60.22797632217407
761,8,60.30573320388794
762,8,60.38175702095032
763,8,60.45921325683594
764,8,60.53749006986618
765,8,60.61357092857361
766,7,60.691385984420776
767,7,60.76792597770691
768,7,60.8454430103302
769,7,60.92287468910217
770,7,60.99989604949951
771,7,61.077846493039814
772,7,61.15895366668701
773,8,61.23546743392944
774,7,61.31298089027405
775,7,61.39099454879761
776,8,61.469195276498795
777,7,61.546534061431885
778,7,61.623830624989104
779,7,61.70156168937683
780,7,61.77439260482788
781,7,61.85228896141052
782,8,61.92980408668518
783,8,62.00673294067383
784,8,62.0842559337616
785,8,62.16177749633789
786,7,62.23947477340698
787,7,62.3159966468811
788,6,62.39402413368225
789,6,62.47153615951538
790,7,62.54873490333557
791,7,62.625744104385376
792,7,62.70377039909363
793,7,62.7806978906904
794,8,62.85723161697388
795,8,62.934701919555664
796,8,63.01272416114807
797,8,63.08975267410278
798,8,63.16677594184876
799,8,63.24524474143982
800,8,63.32177519798279
801,7,63.39870309829712
802,7,63.476224422454834
803,6,63.556920528411865
804,6,63.63408064842224
805,8,63.71073937416077
806,7,63.78725719451904
807,7,63.8652822971344
808,7,63.94380831718445
809,8,64.02033567428589
810,8,64.09785056114197
811,7,64.1723005771637
812,7,64.2487370967865
813,7,64.32575941085815
814,7,64.40325355529785
815,8,64.48029136657715
816,8,64.55674695968628
817,8,64.63426780700684
818,9,64.71179127693176
819,9,64.78932523727417
820,8,64.86625337600708
821,8,64.94293594360352
822,8,65.020751953125
823,8,65.09799319505692
824,8,65.17592239379883
825,8,65.25344276428223
826,8,65.32997059822083
827,8,65.4072573184967
828,8,65.48479056358337
829,7,65.56281304359436
830,7,65.64026927947998
831,7,65.7172325679234
832,7,65.79531502723694
833,7,65.87193250656128
834,7,65.95092535018921
835,7,66.0290322303772
836,8,66.10583621263504
837,8,66.18560838699341
838,8,66.2617506980896
839,8,66.33926343917847
840,8,66.41658329963684
841,8,66.49460411071777
842,9,66.56762671470642
843,8,66.64593744277954
844,8,66.72246599197388
845,8,66.79893565177917
846,8,66.87596821784973
847,8,66.95501446723938
848,9,67.03153038024902
849,8,67.10907125473022
850,8,67.1860888004303
851,8,67.2639924287796
852,8,67.34060764312744
853,8,67.41911005973816
854,8,67.49657815694809
855,8,67.57394027709961
856,8,67.65031838417053
857,8,67.7283775806427
858,8,67.80489945411682
859,8,67.88315320014954
860,8,67.96117401123047
861,8,68.03754210472107
862,8,68.11445903778076
863,8,68.19144821166992
864,8,68.26958453655243
865,8,68.3493923842907
866,8,68.42595958709717
867,8,68.50275802612305
868,8,68.58059978485107
869,8,68.65730738639832
870,8,68.7362847328186
871,8,68.81181383132935
872,8,68.88934516906738
873,8,68.96435928344727
874,8,69.04213500022888
875,8,69.11870265007019
876,8,69.195965051651
877,8,69.2726212143898
878,8,69.3499593436718
879,8,69.42768621444702
880,8,69.5042769908905
881,8,69.58180496096611
882,8,69.65829539299011
883,8,69.73631834983826
884,8,69.81337070465088
885,8,69.89038372039795
886,8,69.96713280677795
887,8,70.04497599601746
888,7,70.12301111221313
889,7,70.19939555440631
890,7,70.27747416496277
891,7,70.35396099090576
892,7,70.43179869651794
893,7,70.50875953265599
894,7,70.58713865280151
895,7,70.66314888000488
896,8,70.74463868141174
897,8,70.82116198539734
898,8,70.89860129356384
899,8,70.97228050231934
900,8,71.04925322532654
901,9,71.12643671035767
902,8,71.20390149950981
903,8,71.28148746490479
904,9,71.35801529884338
905,9,71.43548226356506
906,9,71.51199650764465
907,9,71.59051322937012
908,9,71.66754961013794
909,9,71.74506902694702
910,9,71.82232472631667
911,9,71.89898228645325
912,8,71.97581496834755
913,9,72.05439088079665
914,8,72.1298360824585
915,8,72.20731544494629
916,8,72.28432941436768
917,8,72.36197355389595
918,8,72.43868231773376
919,8,72.51677650213242
920,8,72.59286084771156
921,8,72.67220568656921
922,8,72.75198602676392
923,8,72.82857140898705
924,8,72.90707564353943
925,8,72.9841001033783
926,8,73.06226393580437
927,9,73.13833856582642
928,9,73.21599173545837
929,9,73.29401779174805
930,9,73.36703824996948
931,8,73.4452612400055
932,9,73.52113925086127
933,7,73.59954929351807
934,7,73.67756533622742
935,7,73.75495447431292
936,7,73.83112263679504
937,7,73.90914297103882
938,7,73.98584771156311
939,7,74.06338953971863
940,7,74.13934588432312
941,8,74.21771001815796
942,8,74.29403042793274
943,7,74.37151432037354
944,8,74.44850158691406
945,8,74.52602410316467
946,9,74.60333704948425
947,8,74.68035888671875
948,8,74.75837922096252
949,7,74.8348457813263
950,9,74.91238260269165
951,9,74.98984575271606
952,9,75.06737279891968
953,7,75.14726138114929
954,7,75.22489697592599
955,7,75.30200982093811
956,7,75.37811241831098
957,7,75.45706033706665
958,8,75.53407788276672
959,9,75.61115312576294
960,9,75.68995708889432
961,9,75.76348521974352
962,9,75.83969759941101
963,10,75.91704201698303
964,11,75.99421516331759
965,8,76.07060647010803
966,8,76.14885354042053
967,8,76.22588658332825
968,8,76.30390930175781
969,8,76.38080245256424
970,8,76.45745754241943
971,8,76.53592804074287
972,8,76.61251401901245
973,8,76.68978929519653
974,7,76.76653957366943
975,8,76.84456992149353
976,7,76.92211031913757
977,7,76.99912881851196
978,6,77.07615637779236
979,7,77.15318441390991
980,7,77.23027505193438
981,8,77.30869960784912
982,8,77.3857262134552
983,8,77.46271300315857
984,8,77.54220819473267
985,8,77.62007176876068
986,8,77.69820857048035
987,8,77.77523732185364
988,8,77.85097360610962
989,8,77.92848777770996
990,8,78.00601625442505
991,8,78.08375471830368
992,8,78.15832915902138
993,8,78.23596441745758
994,8,78.3124273121357
995,8,78.38999676704407
996,8,78.46628952026367
997,8,78.54462760686874
998,8,78.62177968025208
999,8,78.69917351007462
1000,8,78.77632212638855
1001,8,78.8538429737091
1002,8,78.93166279792786
1003,8,79.00808072090149
1004,8,79.08522057533264
1005,7,79.16146802902222
1006,8,79.23957061767578
1007,8,79.31609296798706
1008,7,79.39304852485657
1009,7,79.47107076644897
1010,8,79.54807496070862
1011,6,79.62455153465271
1012,6,79.70128452777863
1013,6,79.77923369407654
1014,7,79.8558988571167
1015,7,79.93757033348083
1016,7,80.01458954811096
1017,7,80.0917718410492
1018,8,80.16506576538086
1019,8,80.24222469329834
1020,8,80.31883627176285
1021,8,80.39706563949585
1022,9,80.47305488586426
1023,9,80.5504994392395
1024,9,80.62817406654358
1025,9,80.70557832717896
1026,9,80.78357434272766
1027,9,80.86124952634175
1028,9,80.93824815750122
1029,8,81.01507902145386
1030,8,81.09179472923279
1031,8,81.16946196556091
1032,9,81.24672985076904
1033,9,81.32306241989136
1034,8,81.40106534957886
1035,8,81.47958731651306
1036,8,81.55652591586113
1037,8,81.63240122795105
1038,8,81.70974802970886
1039,8,81.78687250614166
1040,8,81.86377549171448
1041,9,81.94423961639404
1042,9,82.0207622051239
1043,9,82.09859490394592
1044,9,82.17660713195801
1045,9,82.25323724746704
1046,8,82.3290585577488
1047,8,82.40623712539673
1048,9,82.48365044593811
1049,8,82.55872771143913
1050,8,82.63582110404968
1051,8,82.71334385871887
1052,8,82.79085898399353
1053,8,82.86690950393677
1054,9,82.94542741775513
1055,8,83.02306261658669
1056,8,83.10007977485657
1057,8,83.1776634156704
1058,8,83.25374984741211
1059,8,83.33176350593567
1060,8,83.40825915336609
1061,8,83.48628091812134
1062,8,83.56409811973572
1063,8,83.64042592048645
1064,8,83.71744966506958
1065,8,83.79495859146118
1066,8,83.87246942520142
1067,8,83.94977721571922
1068,8,84.02711606025696
1069,7,84.10441827774048
1070,7,84.17994999885559
1071,7,84.25924134254456
1072,7,84.33738708496094
1073,7,84.41576310566494
1074,7,84.49194049835205
1075,7,84.56654436247689
1076,7,84.64327192306519
1077,7,84.72115060261318
1078,7,84.79832243919373
1079,7,84.87462425231934
1080,7,84.95209836959839
1081,7,85.03012323379517
1082,7,85.10663986206055
1083,7,85.18446063995361
1084,7,85.26157007898603
1085,7,85.33845162391663
1086,7,85.4154760837555
1087,7,85.49310278892517
1088,7,85.57012820243835
1089,7,85.6481704711914
1090,7,85.72510719299316
1091,7,85.80198931694031
1092,7,85.87895274162292
1093,7,85.95662426948547
1094,7,86.03272421019417
1095,7,86.10995697975159
1096,7,86.18697547912598
1097,7,86.26562571525574
1098,7,86.34535305840629
1099,7,86.4234676361084
1100,7,86.49999022483826
1101,7,86.57752776145935
1102,7,86.65699325289044
1103,7,86.73329782485962
1104,7,86.81048226356506
1105,7,86.88795042037964
1106,7,86.96147298812866
1107,7,87.03849267959595
1108,7,87.11596441268921
1109,7,87.19300406319755
1110,7,87.27125859260559
1111,7,87.34778666496277
1112,7,87.42454763821193
1113,8,87.50195384025574
1114,7,87.57997369766235
1115,7,87.65641450881958
1116,7,87.73295497894287
1117,7,87.81049156188965
1118,7,87.88751482963562
1119,7,87.96553087234497
1120,7,88.04204297065735
1121,7,88.12107753753662
1122,7,88.19691562652588
1123,7,88.27395868301392
1124,7,88.350759267807
1125,7,88.42892806870597
1126,7,88.50548076629639
1127,7,88.58396458625793
1128,7,88.66049933433533
1129,7,88.74051761627197
1130,7,88.8179771900177
1131,7,88.89551424980164
1132,8,88.97216296195984
1133,9,89.05017852783203
1134,9,89.12613606452942
1135,9,89.20392394065857
1136,9,89.28144907951355
1137,9,89.35547757148743
1138,9,89.43347144126892
1139,9,89.51093554496765
1140,9,89.58848237991333
1141,9,89.66549444198608
1142,9,89.74217629432678
1143,9,89.81990647315979
1144,10,89.89692711830139
1145,10,89.97498416900635
1146,9,90.05251359939575
1147,9,90.12954258918762
1148,8,90.20619481801987
1149,9,90.28410005569458
1150,8,90.36199975013731
1151,8,90.4393241405487
1152,8,90.5153112411499
1153,8,90.59325739741325
1154,9,90.67079705662198
1155,8,90.74842497706413
1156,8,90.82465100288393
1157,8,90.90246391296388
1158,8,90.97938370704651
1159,8,91.05647253990172
1160,8,91.13745021820068
1161,8,91.21496677398682
1162,8,91.29255217313766
1163,8,91.3665006160736
1164,8,91.44371938705444
1165,8,91.52181315422058
1166,8,91.59878253936768
1167,8,91.67634224891664
1168,7,91.75336217880248
1169,7,91.83038306236269
1170,7,91.90734219551086
1171,8,91.9843578338623
1172,8,92.06237983703612
1173,7,92.13839769363403
1174,7,92.21591305732728
1175,7,92.29344391822816
1176,8,92.37047004699708
1177,8,92.44817638397215
1178,8,92.52516603469849
1179,8,92.60163378715517
1180,7,92.67915630340576
1181,7,92.75684833526611
1182,7,92.83430511610848
1183,7,92.9122052192688
1184,7,92.98871898651124
1185,7,93.06602787971497
1186,6,93.14524054527284
1187,6,93.22336173057556
1188,6,93.30001616477966
1189,6,93.37717056274414
1190,6,93.45418787002563
1191,6,93.53201913833618
1192,6,93.60984985033672
1193,6,93.68884921073914
1194,6,93.76036310195924
1195,7,93.83686065673828
1196,8,93.91569519042967
1197,7,93.99171161651611
1198,8,94.06966090202332
1199,8,94.14615607261658
1200,7,94.22403001785278
1201,7,94.30118155479433
1202,7,94.37871408462524
1203,7,94.4560296535492
1204,7,94.53201389312744
1205,7,94.60952496528624
1206,7,94.68705129623412
1207,7,94.76508092880248
1208,6,94.84135031700134
1209,7,94.91989278793336
1210,6,94.99687480926514
1211,6,95.07389497756958
1212,6,95.15074753761292
1213,6,95.22936499118805
1214,6,95.30553102493286
1215,6,95.38402533531188
1216,6,95.46053862571716
1217,6,95.54205131530762
1218,6,95.61956882476808
1219,7,95.69619369506836
1220,7,95.77363443374634
1221,7,95.85053253173828
1222,7,95.92898971693856
1223,7,96.006263256073
1224,7,96.08404970169067
1225,7,96.1572802066803
1226,7,96.23453187942503
1227,7,96.3105447292328
1228,7,96.38901097433907
1229,7,96.46549367904665
1230,7,96.54287219047546
1231,7,96.61984014511108
1232,7,96.69785404205322
1233,7,96.77455687522888
1234,8,96.85182845592499
1235,8,96.92981094121933
1236,8,97.00571274757384
1237,8,97.08371210098268
1238,8,97.16155576705933
1239,8,97.23858070373537
1240,7,97.31612730026244
1241,8,97.3936927318573
1242,7,97.47015677179608
1243,8,97.5472445487976
1244,7,97.62420749664308
1245,7,97.70138669013976
1246,7,97.77983270372663
1247,7,97.85643458366394
1248,7,97.93727231025696
1249,7,98.01430130004884
1250,6,98.0920684337616
1251,6,98.16608238220216
1252,6,98.24277174472809
1253,6,98.31991672515868
1254,6,98.3977255821228
1255,6,98.47381865978241
1256,6,98.5516128540039
1257,6,98.6286482810974
1258,6,98.70717906951904
1259,6,98.78461492061615
1260,6,98.86156463623048
1261,7,98.9393994808197
1262,7,99.01691222190856
1263,8,99.0937433242798
1264,7,99.17228746414185
1265,7,99.24833106994627
1266,7,99.32586860656738
1267,7,99.40353918075562
1268,7,99.48008441925047
1269,7,99.55711317062378
1270,7,99.63562631607056
1271,7,99.71264147758484
1272,7,99.789724281856
1273,7,99.8666787147522
1274,7,99.94776511192322
1275,7,100.02480173110962
1276,7,100.1029760837555
1277,7,100.1797342300415
1278,7,100.25684237480164
1279,7,100.33404231071472
1280,8,100.41106963157654
1281,8,100.48790770769119
1282,8,100.56474256515504
1283,8,100.6415708065033
1284,9,100.71958208084106
1285,9,100.79722952842712
1286,8,100.87475562095642
1287,9,100.9487636089325
1288,7,101.02678751945496
1289,7,101.10375237464903
1290,7,101.18272192137582
1291,7,101.25957560539246
1292,6,101.33627367019653
1293,6,101.41412377357484
1294,7,101.48976615497044
1295,7,101.56791925430298
1296,8,101.64394998550416
1297,8,101.72198438644408
1298,7,101.79901003837584
1299,7,101.8760540485382
1300,7,101.954092502594
1301,7,102.03009462356567
1302,7,102.10816478729248
1303,7,102.18618679046632
1304,7,102.26329803466795
1305,7,102.34181690216064
1306,7,102.41784119606018
1307,7,102.49539422988892
1308,8,102.57291078567503
1309,7,102.65000094686236
1310,7,102.73164796829224
1311,8,102.80860567092896
1312,7,102.88658785820007
1313,7,102.96037578582764
1314,7,103.03726625442503
1315,7,103.11377310752869
1316,7,103.19231534004211
1317,7,103.26832818984984
1318,7,103.34677982330322
1319,8,103.4242594242096
1320,8,103.50127148628236
1321,8,103.57962489128111
1322,8,103.65612173080444
1323,8,103.73315119743349
1324,8,103.81017208099364
1325,8,103.88775473833086
1326,8,103.96612644195557
1327,8,104.04316973686218
1328,8,104.1212899684906
1329,8,104.19827342033386
1330,8,104.27485418319702
1331,8,104.35230350494383
1332,8,104.42929673194884
1333,8,104.50682044029236
1334,8,104.58510732650755
1335,8,104.66011500358582
1336,8,104.74115705490112
1337,8,104.81811520457268
1338,8,104.89619183540344
1339,8,104.9737033843994
1340,7,105.05102590152195
1341,7,105.12819147109984
1342,7,105.20620226860046
1343,7,105.28342962265016
1344,8,105.35792994499208
1345,7,105.43445253372192
1346,7,105.51196455955504
1347,7,105.5899875164032
1348,7,105.66749811172484
1349,7,105.74454355239868
1350,7,105.8216287067958
1351,7,105.89981079101562
1352,8,105.97679018974304
1353,7,106.05331444740295
1354,8,106.13014340400696
1355,7,106.20811676979064
1356,8,106.2858111858368
1357,7,106.36283326148988
1358,7,106.44030094146729
1359,8,106.51733756065369
1360,7,106.59572979382106
1361,8,106.67237854003906
1362,7,106.7497878074646
1363,8,106.82631611824036
1364,7,106.9046311378479
1365,7,106.98123993192401
1366,8,107.05906558036804
1367,8,107.13890272378922
1368,8,107.21611285209656
1369,8,107.29332304000854
1370,8,107.3708553314209
1371,8,107.44792008399963
1372,8,107.52630925178528
1373,8,107.60240462422371
1374,8,107.6804940700531
1375,8,107.75394916534424
1376,8,107.83067965507507
1377,8,107.90863609313963
1378,8,107.98613905906676
1379,8,108.06367588043211
1380,8,108.14030957221983
1381,8,108.2168276309967
1382,8,108.29628279805183
1383,8,108.37236642837524
1384,8,108.4508023262024
1385,7,108.52633905410768
1386,7,108.60479368482318
1387,7,108.68247818946838
1388,8,108.75950193405151
1389,8,108.8360161781311
1390,8,108.91392230987547
1391,6,108.99044370651244
1392,6,109.0676703453064
1393,8,109.1448142528534
1394,8,109.22268962860107
1395,5,109.30021371841431
1396,7,109.37768507003784
1397,7,109.4552149772644
1398,6,109.53618836402892
1399,6,109.61215257644652
1400,6,109.69117879867554
1401,6,109.7682113647461
1402,5,109.84328336715699
1403,6,109.922021150589
1404,6,109.99884557724
1405,6,110.07607070604958
1406,6,110.15015935897829
1407,5,110.22767615318298
1408,6,110.30532503128052
1409,5,110.3820309638977
1410,5,110.45954275131226
1411,5,110.53751111030581
1412,5,110.61425566673282
1413,6,110.69250750541688
1414,6,110.76844215393066
1415,6,110.84613084793092
1416,5,110.92364287376404
1417,5,111.00014019012454
1418,5,111.07816195487976
1419,5,111.15487275123596
1420,6,111.2316915988922
1421,5,111.30914688110352
1422,5,111.38686962127686
1423,6,111.464693069458
1424,6,111.5422158241272
1425,6,111.61975073814392
1426,6,111.69683766365053
1427,5,111.77452039718628
1428,5,111.85023880004886
1429,6,111.93217873573305
1430,5,112.00891542434692
1431,7,112.08629417419434
1432,7,112.16035962104796
1433,7,112.23939657211304
1434,7,112.31415748596191
1435,6,112.39166855812071
1436,6,112.46919441223145
1437,6,112.5460376739502
1438,6,112.62236404418944
1439,6,112.69965267181396
1440,6,112.7780385017395
1441,6,112.85403490066528
1442,5,112.93195834159852
1443,5,113.00958943367004
1444,5,113.08602738380432
1445,5,113.16345930099487
1446,5,113.23998498916626
1447,6,113.31649494171144
1448,6,113.39418292045592
1449,7,113.4715702193124
1450,7,113.54920816421507
1451,7,113.62624144554138
1452,7,113.7037751674652
1453,7,113.78070950508118
1454,7,113.85718512535097
1455,7,113.93744397163393
1456,7,114.01547336578368
1457,7,114.09271740913393
1458,7,114.17066083635602
1459,7,114.24693598066058
1460,7,114.32466888427734
1461,7,114.40212038585118
1462,7,114.47886204719543
1463,7,114.55438780784608
1464,6,114.62977874279022
1465,7,114.70736980438232
1466,6,114.78489947319032
1467,6,114.86191987991332
1468,6,114.93883105119069
1469,6,115.01552963256836
1470,6,115.09356617927553
1471,6,115.1716058254242
1472,6,115.24837827682497
1473,6,115.32486367225648
1474,6,115.40217113494872
1475,5,115.47919058799744
1476,6,115.55754494667052
1477,6,115.63420510292052
1478,6,115.7117235660553
1479,7,115.79023838043211
1480,7,115.8667495250702
1481,6,115.94340085983276
1482,5,116.0206211566925
1483,6,116.09824085235596
1484,6,116.17526006698608
1485,6,116.25278782844543
1486,6,116.33229207992554
1487,6,116.41067314147948
1488,6,116.48719024658205
1489,6,116.56522178649902
1490,7,116.64224791526794
1491,7,116.71939015388487
1492,5,116.79688477516174
1493,5,116.87341380119324
1494,5,116.94889068603516
1495,5,117.02592754364014
1496,5,117.10264110565186
1497,5,117.18016600608826
1498,5,117.2567911148071
1499,5,117.33353209495544
1500,5,117.41105318069458
1501,5,117.4875731468201
1502,5,117.56609320640564
1503,5,117.64310765266418
1504,5,117.71939539909366
1505,5,117.79839849472046
1506,5,117.87289929389954
1507,5,117.95092701911926
1508,6,118.02820777893066
1509,6,118.10550689697266
1510,6,118.18402099609376
1511,6,118.25973749160768
1512,7,118.33664989471436
1513,7,118.41524338722228
1514,7,118.49256324768066
1515,7,118.56972050666808
1516,6,118.64724373817444
1517,6,118.72812151908876
1518,5,118.80441737174988
1519,5,118.88240218162537
1520,5,118.95625257492063
1521,5,119.03440713882446
1522,5,119.11040043830872
1523,5,119.18832049369811
1524,5,119.26494550704956
1525,5,119.34241724014282
1526,5,119.4199481010437
1527,5,119.49748611450195
1528,5,119.57423830032349
1529,5,119.65129446983335
1530,5,119.7284619808197
1531,6,119.80548882484436
1532,5,119.8820415019989
1533,5,119.9597475528717
1534,5,120.03774833679202
1535,5,120.11524963378906
1536,5,120.19228196144104
1537,6,120.27031517028809
1538,6,120.3468325138092
1539,6,120.42491245269775
1540,6,120.50125885009766
1541,6,120.57977175712584
1542,6,120.65629601478577
1543,6,120.73731446266174
1544,6,120.81309676170348
1545,5,120.89151830673218
1546,6,120.96793413162231
1547,6,121.0454487800598
1548,7,121.12297892570496
1549,6,121.20249462127686
1550,7,121.27850890159608
1551,8,121.3519591987133
1552,8,121.42966026067734
1553,6,121.50703287124634
1554,6,121.58437395095824
1555,7,121.66188383102416
1556,7,121.73942494392396
1557,7,121.8169651031494
1558,7,121.89445042610168
1559,7,121.97068350655692
1560,8,122.0487687587738
1561,8,122.12579011917114
1562,8,122.20283031463624
1563,8,122.28086686134338
1564,8,122.35676050186156
1565,8,122.43376469612122
1566,8,122.51381397247314
1567,8,122.58983850479126
1568,8,122.66724854707716
1569,8,122.74367833137512
1570,8,122.82122206687929
1571,8,122.89875149726868
1572,8,122.97543668746948
1573,8,123.0522439479828
1574,8,123.13227677345276
1575,8,123.20980429649352
1576,8,123.28713130950928
1577,8,123.36511254310608
1578,8,123.44161581993104
1579,9,123.51860451698306
1580,9,123.59561848640442
1581,8,123.67414474487305
1582,8,123.74866771697998
1583,8,123.82557436823845
1584,8,123.903160572052
1585,8,123.98018002510072
1586,8,124.05679655075072
1587,8,124.13377785682678
1588,8,124.21280598640442
1589,8,124.28882718086244
1590,8,124.36544704437256
1591,8,124.44347953796388
1592,9,124.52014207839966
1593,8,124.59815692901611
1594,8,124.674950838089
1595,8,124.7517602443695
1596,9,124.82868994606866
1597,8,124.90731644630432
1598,8,124.98433446884157
1599,8,125.06278681755066
1600,8,125.13817137479782
1601,8,125.21613866090775
1602,8,125.29335045814514
1603,8,125.37047481536864
1604,8,125.44849109649658
1605,8,125.52907657623291
1606,8,125.60597467422484
1607,8,125.68550419807434
1608,8,125.75979161262512
1609,8,125.83680033683775
1610,8,125.91434121131896
1611,8,125.99137163162231
1612,8,126.06839275360107
1613,8,126.14341688156128
1614,8,126.22144651412964
1615,8,126.2984688282013
1616,8,126.37547898292542
1617,8,126.45327687263487
1618,8,126.53079986572266
1619,7,126.60782027244568
1620,7,126.68564105033876
1621,7,126.76265358924866
1622,8,126.83884662389755
1623,8,126.91569089889526
1624,8,126.9944233894348
1625,8,127.07045125961304
1626,8,127.14830356836319
1627,8,127.22551727294922
1628,8,127.30271291732788
1629,8,127.37973928451538
1630,8,127.45776081085204
1631,8,127.53465461730956
1632,8,127.61216568946838
1633,8,127.6891942024231
1634,8,127.76721858978271
1635,8,127.84373569488524
1636,8,127.92475509643556
1637,9,128.00165677070618
1638,8,128.07964825630188
1639,8,128.15366125106812
1640,8,128.23070335388184
1641,8,128.30872178077698
1642,8,128.38524866104126
1643,8,128.46264719963074
1644,8,128.5393419265747
1645,8,128.61730027198792
1646,8,128.69466280937195
1647,8,128.7724094390869
1648,8,128.84855449199677
1649,8,128.92569851875305
1650,8,129.0030038356781
1651,8,129.0803279876709
1652,8,129.15635180473328
1653,8,129.2343873977661
1654,8,129.31167340278623
1655,8,129.38921976089478
1656,8,129.4669313430786
1657,8,129.54328536987305
1658,8,129.6208107471466
1659,8,129.69833850860596
1660,8,129.77549576759338
1661,8,129.8519900739193
1662,7,129.9326844215393
1663,8,130.00971245765686
1664,8,130.08672547340393
1665,6,130.1642565727234
1666,6,130.24228310585022
1667,6,130.3208045959473
1668,6,130.3962551355362
1669,6,130.4744598865509
1670,6,130.55048394203186
1671,7,130.62743272100175
1672,5,130.70454168319702
1673,5,130.78283095359802
1674,5,130.85984420776367
1675,5,130.93505930900574
1676,5,131.01258873939514
1677,6,131.0905257066091
1678,6,131.1676218509674
1679,6,131.24451327323914
1680,6,131.3205406665802
1681,6,131.39876663684845
1682,6,131.47550797462463
1683,6,131.5520997842153
1684,5,131.6286997795105
1685,5,131.70571041107178
1686,5,131.78334379196167
1687,5,131.86084842681885
1688,5,131.93738675117493
1689,5,132.01591992378235
1690,5,132.09249477386476
1691,5,132.17052726745607
1692,5,132.2470998764038
1693,5,132.32391486167907
1694,5,132.40154886245728
1695,5,132.4782648086548
1696,5,132.55578303337097
1697,5,132.63335609436035
1698,5,132.71387815475464
1699,5,132.7918984889984
1700,5,132.86842346191406
1701,5,132.94245052337646
1702,5,133.01947283744812
1703,5,133.09750127792358
1704,5,133.17507076263428
1705,5,133.25184869766235
1706,5,133.3292685031891
1707,5,133.4068763256073
1708,5,133.4828622341156
1709,5,133.55968070030212
1710,5,133.6370044231415
1711,5,133.71423768997192
1712,5,133.79269647598267
1713,5,133.869140958786
1714,5,133.94653725624084
1715,5,134.0240604877472
1716,5,134.10154366493225
1717,6,134.17937660217285
1718,6,134.2583074569702
1719,6,134.334202448527
1720,6,134.41138982772827
1721,6,134.4892043272654
1722,6,134.56650710105896
1723,6,134.6430265903473
1724,6,134.72322797775269
1725,6,134.80057501792908
1726,6,134.87703847885132
1727,6,134.95089888572693
1728,6,135.02907180786133
1729,6,135.1060507297516
1730,6,135.18457579612732
1731,6,135.26112961769104
1732,6,135.3379943370819
1733,6,135.41564345359802
1734,6,135.49284887313843
1735,6,135.57093143463135
1736,6,135.64873814582825
1737,6,135.72476887702942
1738,6,135.80128812789917
1739,6,135.87980270385742
1740,6,135.95647597312927
1741,6,136.03375220298767
1742,6,136.1122763156891
1743,6,136.18930006027222
1744,6,136.26684641838074
1745,5,136.34320759773254
1746,6,136.42189383506775
1747,6,136.49892616271973
1748,6,136.57645082473755
1749,5,136.65347504615784
1750,5,136.73399305343628
1751,6,136.81038737297058
1752,5,136.8879222869873
1753,5,136.96496152877808
1754,5,137.04198384284973
1755,6,137.11993265151978
1756,6,137.1972849369049
1757,6,137.27485132217407
1758,5,137.34807109832764
1759,5,137.42564344406128
1760,6,137.5021629333496
1761,6,137.58109323183695
1762,6,137.65727106730142
1763,6,137.7342316309611
1764,6,137.81194353103638
1765,6,137.8899598121643
1766,4,137.9664831161499
1767,5,138.04355359077454
1768,4,138.12144941091537
1769,4,138.19857478141785
1770,4,138.2758514881134
1771,4,138.35338068008423
1772,4,138.4304716587067
1773,4,138.50848293304443
1774,4,138.58491969108582
1775,5,138.66211199760437
1776,5,138.74013471603394
1777,5,138.8171546459198
1778,5,138.8952838420868
1779,5,138.97171211242676
1780,5,139.0505533695221
1781,5,139.129736661911
1782,5,139.20726132392883
1783,5,139.2842857837677
1784,5,139.36272706985474
1785,6,139.43984818458557
1786,5,139.51727867126465
1787,5,139.5950894355774
1788,5,139.67211437225342
1789,5,139.7471523284912
1790,5,139.8236858844757
1791,4,139.90108513832092
1792,5,139.97861170768738
1793,5,140.0556242465973
1794,6,140.13191747665405
1795,5,140.2094271183014
1796,5,140.28669357299805
1797,5,140.36272430419922
1798,4,140.44125652313232
1799,4,140.51778984069824
1800,4,140.59630846977234
1801,4,140.6734380722046
1802,4,140.7505919933319
1803,3,140.82710647583008
1804,4,140.90498679876328
1805,4,140.98178339004517
1806,4,141.05929613113403
1807,3,141.13631963729858
1808,3,141.2143476009369
1809,3,141.29061722755432
1810,3,141.36798667907715
1811,3,141.44450497627258
1812,4,141.52600574493408
1813,4,141.60210061073303
1814,4,141.68062090873718
1815,4,141.75814151763916
1816,4,141.83416485786438
1817,4,141.9120528101921
1818,4,141.98971128463745
1819,4,142.06673431396484
1820,4,142.14227080345154
1821,4,142.2193033695221
1822,4,142.2968327999115
1823,4,142.3738808631897
1824,4,142.45092010498047
1825,4,142.5274510383606
1826,4,142.60493922233582
1827,4,142.68295216560364
1828,4,142.7594668865204
1829,4,142.836487531662
1830,4,142.91496539115906
1831,4,142.9919867515564
1832,4,143.0701162815094
1833,4,143.146950006485
1834,4,143.22411108016968
1835,4,143.3011245727539
1836,4,143.37894678115845
1837,4,143.4554488658905
1838,4,143.532949924469
1839,4,143.6114501953125
1840,4,143.68947196006775
1841,4,143.76496982574463
1842,4,143.84321928024292
1843,4,143.92096638679504
1844,4,143.99912810325625
1845,4,144.0756528377533
1846,4,144.14961910247803
1847,4,144.22664785385132
1848,5,144.3041775226593
1849,4,144.38195371627808
1850,3,144.45827627182007
1851,3,144.5351505279541
1852,3,144.6123421986898
1853,3,144.6901936531067
1854,3,144.76880478858948
1855,3,144.844824552536
1856,3,144.92235851287842
1857,3,144.99912858009338
1858,3,145.07666635513306
1859,2,145.15449976921082
1860,2,145.23064661026
1861,2,145.3081705570221
1862,2,145.38519096374512
1863,2,145.46372961997986
1864,2,145.5405284166336
1865,2,145.61880207061768
1866,2,145.69566130638125
1867,2,145.77212262153623
1868,2,145.84892511367798
1869,2,145.93012619018555
1870,3,146.0081443786621
1871,3,146.0846621990204
1872,3,146.16193199157715
1873,3,146.24027554194132
1874,3,146.31782627105713
1875,3,146.39530873298645
1876,3,146.47332096099854
1877,3,146.54785466194153
1878,3,146.62464022636414
1879,3,146.70167350769043
1880,2,146.7800030708313
1881,2,146.856525182724
1882,2,146.93472695350647
1883,2,147.01149201393127
1884,2,147.08950400352478
1885,2,147.16590464115143
1886,2,147.24281549453735
1887,2,147.31986451148987
1888,2,147.39738273620603
1889,2,147.47414803504944
1890,2,147.5511815547943
1891,2,147.62808167934418
1892,2,147.70666074752808
1893,2,147.7841739654541
1894,1,147.8616840839386
1895,1,147.9382131099701
1896,1,148.016254901886
1897,1,148.0932855606079
1898,1,148.17120885849
1899,1,148.24824404716492
1900,2,148.32814717292786
1901,2,148.4041850566864
1902,2,148.4830129146576
1903,2,148.56004452705383
1904,2,148.6367118358612
1905,2,148.71474480628967
1906,2,148.79277777671814
1907,2,148.86830163002014
1908,2,148.94283080101013
1909,2,149.02018857002258
1910,2,149.0982129573822
1911,3,149.17524075508118
1912,2,149.2511751651764
1913,2,149.32920503616333
1914,2,149.40749788284302
1915,2,149.4839869737625
1916,2,149.56174659729004
1917,2,149.63975715637207
1918,2,149.71663451194763
1919,2,149.79416394233704
1920,2,149.87170481681824
1921,2,149.9486825466156
1922,2,150.02569818496704
1923,2,150.1042549610138
1924,2,150.18001556396484
1925,2,150.25848007202148
1926,2,150.3349916934967
1927,2,150.41284894943237
1928,2,150.49139308929443
1929,2,150.56740403175354
1930,2,150.6449465751648
1931,2,150.72497510910034
1932,2,150.80349349975586
1933,2,150.88001084327698
1934,2,150.95853352546692
1935,2,151.03456830978394
1936,2,151.11277604103088
1937,2,151.19030237197876
1938,2,151.2673192024231
1939,2,151.3408401012421
1940,2,151.41837430000305
1941,2,151.49570155143738
1942,2,151.5737292766571
1943,2,151.65118765830994
1944,2,151.72721910476685
1945,2,151.8058693408966
1946,2,151.8815381526947
1947,2,151.9590620994568
1948,2,152.0370798110962
1949,2,152.1146011352539
1950,2,152.19235920906067
1951,2,152.26869702339172
1952,2,152.34621381759644
1953,2,152.4237461090088
1954,2,152.50070929527283
1955,2,152.57934856414795
1956,2,152.65595698356628
1957,2,152.7337188720703
1958,2,152.81125235557556
1959,2,152.88727974891663
1960,2,152.96567726135254
1961,2,153.04272985458374
1962,2,153.12425637245178
1963,2,153.20054936408997
1964,2,153.27759289741516
1965,3,153.3533811569214
1966,2,153.43079090118408
1967,2,153.50770783424375
1968,1,153.5850386619568
1969,1,153.66393303871155
1970,1,153.73788118362427
1971,1,153.81538558006287
1972,1,153.89387559890747
1973,2,153.96972608566284
1974,2,154.04775285720825
1975,2,154.12530398368835
1976,2,154.20382118225098
1977,2,154.27984929084778
1978,2,154.35750579833984
1979,2,154.43431615829468
1980,3,154.51172995567322
1981,3,154.589262008667
1982,3,154.66627168655396
1983,3,154.74297523498535
1984,3,154.8205006122589
1985,3,154.89855980873108
1986,3,154.97558856010437
1987,2,155.0531394481659
1988,2,155.1300013065338
1989,2,155.20754957199097
1990,2,155.28555512428284
1991,2,155.36256790161133
1992,2,155.44008564949036
1993,2,155.51961135864258
1994,2,155.59863305091858
1995,2,155.67562818527222
1996,2,155.75172424316406
1997,2,155.82924509048462
1998,2,155.9068169593811
1999,2,155.98395228385925
2000,2,156.06140398979187
2001,2,156.13607454299927
2002,2,156.21385276317596
2003,2,156.29089617729187
2004,2,156.36740684509277
2005,3,156.4459297657013
2006,3,156.52246809005737
2007,3,156.60023164749146
2008,2,156.67877316474917
2009,2,156.75479817390442
2010,2,156.8327353000641
2011,2,156.90906763076782
2012,2,156.9870913028717
2013,2,157.06412625312805
2014,2,157.14157700538635
2015,2,157.2193865776062
2016,2,157.2964301109314
2017,2,157.3734586238861
2018,2,157.45104813575745
2019,2,157.5275845527649
2020,2,157.60525608062744
2021,2,157.68291664123535
2022,2,157.76007556915283
2023,2,157.83709859848022
2024,2,157.9171199798584
2025,2,157.9931423664093
2026,2,158.07115626335144
2027,2,158.14767837524414
2028,2,158.2251043319702
2029,2,158.30324721336365
2030,2,158.38027453422546
2031,2,158.4578070640564
2032,2,158.53207921981812
2033,2,158.60908317565918
2034,2,158.68684601783752
2035,2,158.7639262676239
2036,2,158.84041476249695
2037,2,158.91742992401123
2038,2,158.99509048461914
2039,2,159.07349491119385
2040,2,159.15051698684692
2041,2,159.22825527191162
2042,2,159.30458879470825
2043,2,159.38011717796326
2044,2,159.4578881263733
2045,2,159.5349190235138
2046,2,159.61244106292725
2047,2,159.69025802612305
2048,2,159.76727080345154
2049,2,159.845290184021
2050,2,159.92182731628418
2051,2,159.99926161766052
2052,2,160.07629323005676
2053,2,160.15410089492798
2054,2,160.23213052749634
2055,2,160.31200289726257
2056,2,160.39004015922546
2057,2,160.4665563106537
2058,2,160.54209566116333
2059,2,160.61712098121643
2060,2,160.69566297531128
2061,2,160.773277759552
2062,2,160.84957695007324
2063,2,160.92707777023315
2064,2,161.00460362434387
2065,2,161.0826187133789
2066,2,161.1596577167511
2067,2,161.23767590522766
2068,2,161.31520891189575
2069,2,161.39223217964172
2070,2,161.46946167945862
2071,3,161.54699325561523
2072,3,161.6245059967041
2073,2,161.70205402374268
2074,2,161.78028655052185
2075,3,161.8568069934845
2076,3,161.93461155891418
2077,3,162.01163601875305
2078,3,162.0891559123993
2079,2,162.16567254066467
2080,2,162.24318480491638
2081,2,162.32122135162354
2082,3,162.39975571632385
2083,3,162.47675919532776
2084,3,162.55424650510153
2085,3,162.63079571723938
2086,3,162.70878887176514
2087,2,162.7861168384552
2088,2,162.86313343048096
2089,2,162.93961215019226
2090,2,163.0168116092682
2091,3,163.0943465232849
2092,3,163.17271757125854
2093,2,163.2494080066681
2094,3,163.3233926296234
2095,3,163.4011354446411
2096,4,163.4784164428711
2097,4,163.55661344528198
2098,4,163.63263964653015
2099,4,163.7101607322693
2100,5,163.7876899242401
2101,4,163.86450123786926
2102,4,163.9424591064453
2103,4,164.01949739456177
2104,5,164.09781002998352
2105,4,164.17341977357864
2106,4,164.25129461288452
2107,4,164.32882452011108
2108,4,164.40681314468384
2109,4,164.48413372039795
2110,4,164.5614676475525
2111,4,164.63898348808289
2112,4,164.715993642807
2113,4,164.7934069633484
2114,4,164.87031745910645
2115,4,164.9483141899109
2116,4,165.0253050327301
2117,4,165.10633087158203
2118,5,165.18435502052307
2119,3,165.26113939285278
2120,4,165.3343789577484
2121,4,165.4123978614807
2122,4,165.48993587493896
2123,4,165.56694769859314
2124,3,165.6434783935547
2125,4,165.72144597768784
2126,4,165.79832339286804
2127,4,165.87584567070007
2128,4,165.9531490802765
2129,4,166.02907466888428
2130,4,166.1068296432495
2131,4,166.18436932563782
2132,4,166.2618956565857
2133,4,166.33906888961792
2134,5,166.41607999801636
2135,4,166.49256110191345
2136,4,166.57083129882812
2137,4,166.64733982086182
2138,3,166.72381830215454
2139,3,166.80083441734314
2140,3,166.87936162948608
2141,3,166.95638179779053
2142,3,167.03390622138977
2143,3,167.11420941352844
2144,3,167.19274044036865
2145,3,167.26866745948792
2146,3,167.34233474731445
2147,3,167.4201512336731
2148,3,167.49684540430704
2149,3,167.573664188385
2150,3,167.65036916732788
2151,3,167.72889256477356
2152,3,167.80659294128418
2153,3,167.88266134262085
2154,3,167.9596893787384
2155,3,168.03721451759338
2156,3,168.1145703792572
2157,3,168.1915988922119
2158,3,168.2700901031494
2159,3,168.34610724449158
2160,4,168.42333388328552
2161,4,168.50051283836365
2162,4,168.57847940921783
2163,3,168.65585565567017
2164,3,168.73286890983582
2165,3,168.80939412117004
2166,3,168.88758079210916
2167,3,168.96494269371033
2168,4,169.04249572753906
2169,4,169.1229043006897
2170,4,169.20142531394958
2171,4,169.27844381332395
2172,4,169.3553762435913
2173,4,169.43283486366272
2174,4,169.50967645645142
2175,4,169.58746361732483
2176,3,169.6652352809906
2177,3,169.74169158935547
2178,4,169.8187050819397
2179,4,169.89672327041626
2180,4,169.97386288642883
2181,4,170.05106538534164
2182,4,170.12422013282776
2183,5,170.20174837112427
2184,6,170.2791987657547
2185,6,170.35652208328247
2186,5,170.4333724975586
2187,6,170.51039743423462
2188,4,170.5888729095459
2189,4,170.6652126312256
2190,4,170.74205470085144
2191,4,170.81951028108597
2192,4,170.89587259292605
2193,4,170.97339344024658
2194,5,171.05043244361875
2195,4,171.12796235084534
2196,4,171.20538973808289
2197,4,171.2834267616272
2198,3,171.36045217514038
2199,3,171.43796706199646
2200,3,171.51448893547058
2201,3,171.5918538570404
2202,3,171.6697814464569
2203,3,171.74738359451294
2204,3,171.82439947128296
2205,3,171.90738320350647
2206,3,171.9833948612213
2207,3,172.06170392036438
2208,3,172.13470220565796
2209,3,172.21189045906067
2210,3,172.28890228271484
2211,3,172.36603498458862
2212,3,172.44245529174805
2213,3,172.51941990852356
2214,3,172.59694027900696
2215,3,172.67506909370422
2216,3,172.7518963019053
2217,3,172.8285949230194
2218,3,172.90711903572085
2219,3,172.98414301872253
2220,3,173.06145763397217
2221,3,173.13822650909424
2222,3,173.21524453163147
2223,3,173.29229831695557
2224,3,173.3708245754242
2225,3,173.44806003570557
2226,3,173.5240879058838
2227,4,173.60133981704712
2228,3,173.67837834358215
2229,3,173.75672149658203
2230,3,173.83321809768677
2231,3,173.9142289161682
2232,3,173.99075603485107
2233,3,174.06873154640198
2234,3,174.14425683021545
2235,3,174.2219123840332
2236,3,174.2994363307953
2237,3,174.3763861656189
2238,3,174.4532437324524
2239,3,174.52829217910767
2240,3,174.60580444335938
2241,4,174.6833152770996
2242,3,174.75982856750488
2243,3,174.8366096019745
2244,4,174.91514825820923
2245,3,174.99234104156494
2246,3,175.0682189464569
2247,3,175.14589405059814
2248,3,175.22342109680176
2249,3,175.30093836784363
2250,3,175.37845253944397
2251,3,175.45524072647095
2252,3,175.53239623705545
2253,3,175.6092391014099
2254,3,175.68741369247437
2255,3,175.76494479179382
2256,3,175.84140634536743
2257,2,175.91838097572327
2258,2,175.9964039325714
2259,2,176.07417571544647
2260,2,176.15021085739136
2261,3,176.2277443408966
2262,2,176.30875396728516
2263,2,176.38523745536804
2264,3,176.4631757736206
2265,4,176.536691904068
2266,2,176.61471891403198
2267,3,176.69174361228943
2268,3,176.76826667785645
2269,3,176.84528374671936
2270,3,176.9229233264923
2271,3,176.9999086856842
2272,3,177.0770947933197
2273,3,177.1546106338501
2274,3,177.23114109039307
2275,3,177.30918431282043
2276,3,177.38622522354126
2277,3,177.46459484100342
2278,3,177.54124983151755
2279,3,177.61961722373962
2280,3,177.69664072990415
2281,3,177.773668050766
2282,4,177.85032105445862
2283,3,177.9288411140442
2284,2,178.00536131858826
2285,2,178.08375573158264
2286,2,178.1601083278656
2287,2,178.23863291740415
2288,2,178.3181529045105
2289,2,178.3951907157898
2290,3,178.47348976135254
2291,2,178.5510926246643
2292,2,178.6274242401123
2293,2,178.70472395420074
2294,2,178.78343725204468
2295,2,178.85946083068848
2296,2,178.93594694137573
2297,2,179.01298117637634
2298,2,179.09029603004456
2299,2,179.16831946372986
2300,2,179.2463448047638
2301,2,179.32036447525024
2302,2,179.39790558815002
2303,2,179.47364282608032
2304,2,179.5506694316864
2305,2,179.6271951198578
2306,2,179.70571875572205
2307,2,179.78373527526855
2308,3,179.86074924468994
2309,4,179.93878054618835
2310,4,180.01630973815918
2311,4,180.092835187912
2312,4,180.17085981369016
2313,4,180.24788117408752
2314,4,180.3243992328644
2315,4,180.4024739265442
2316,3,180.47898697853088
2317,3,180.5567481517792
2318,3,180.6332783699036
2319,3,180.71128940582275
2320,3,180.78796577453605
2321,3,180.865660905838
2322,3,180.94302320480347
2323,3,181.02120423316964
2324,3,181.1010837554932
2325,3,181.1799681186676
2326,3,181.25776267051697
2327,3,181.329775094986
2328,3,181.4077894687653
2329,3,181.48530292510983
2330,3,181.56331658363345
2331,3,181.63932633399963
2332,3,181.71684646606445
2333,4,181.7943634986877
2334,4,181.87129187583923
2335,4,181.94895768165588
2336,4,182.0264837741852
2337,4,182.10429120063785
2338,4,182.18233251571647
2339,4,182.258850812912
2340,4,182.3356671333313
2341,4,182.41318106651303
2342,4,182.49056667089462
2343,4,182.56722164154053
2344,4,182.64474534988403
2345,4,182.72147369384768
2346,5,182.79846000671387
2347,4,182.87548732757568
2348,4,182.95329236984253
2349,5,183.03132009506223
2350,5,183.111299276352
2351,5,183.18932461738584
2352,5,183.26583576202395
2353,5,183.3421756744385
2354,5,183.4195070266724
2355,5,183.49653267860413
2356,5,183.57505989074707
2357,5,183.6509690284729
2358,5,183.72548961639404
2359,4,183.80316495895383
2360,5,183.8799924850464
2361,5,183.9573040008545
2362,4,184.03382110595703
2363,4,184.11233353614807
2364,5,184.1883521080017
2365,5,184.26548075675964
2366,5,184.343011379242
2367,5,184.42131328582764
2368,4,184.49783730506897
2369,4,184.5754804611206
2370,4,184.6525061130524
2371,4,184.7298285961151
2372,5,184.80734705924988
2373,5,184.8838331699372
2374,5,184.96081161499023
2375,4,185.0398337841034
2376,4,185.1161506175995
2377,5,185.192666053772
2378,4,185.270204782486
2379,4,185.34693002700809
2380,4,185.42516541481012
2381,4,185.50526762008667
2382,4,185.5837862491608
2383,5,185.6603045463562
2384,4,185.735997915268
2385,3,185.81502079963684
2386,3,185.89046263694763
2387,3,185.9679834842682
2388,3,186.04484947522482
2389,3,186.1211211681366
2390,3,186.1984989643097
2391,3,186.2760293483734
2392,4,186.35249996185303
2393,4,186.4296362400055
2394,4,186.5065370798111
2395,4,186.5833621025085
2396,4,186.661395072937
2397,4,186.73833656311035
2398,4,186.81412315368647
2399,4,186.8921663761139
2400,4,186.9695645570755
2401,4,187.04669857025144
2402,4,187.12448978424072
2403,4,187.20126342773438
2404,4,187.2796442508697
2405,4,187.3560240268708
2406,3,187.43303442001343
2407,3,187.5102219581604
2408,4,187.58774518966675
2409,3,187.6650078296661
2410,3,187.7421040534973
2411,4,187.818900346756
2412,4,187.9004423618317
2413,4,187.9780070781708
2414,5,188.0552361011505
2415,4,188.13025760650635
2416,4,188.2080268859864
2417,4,188.2850375175476
2418,4,188.3623960018158
2419,4,188.4404366016388
2420,5,188.51636290550232
2421,4,188.5946815013885
2422,5,188.67120003700256
2423,5,188.74872541427607
2424,5,188.82564873695372
2425,5,188.9027805328369
2426,6,188.9802942276001
2427,6,189.05807256698608
2428,6,189.1318653424581
2429,5,189.208530664444
2430,5,189.28705143928528
2431,5,189.36321449279785
2432,5,189.44118881225583
2433,5,189.51770038604735
2434,5,189.5957069396973
2435,6,189.6725597381592
2436,6,189.7498061656952
2437,6,189.8268175125122
2438,6,189.904846906662
2439,6,189.981858253479
2440,7,190.05982504572188
2441,7,190.1367075443268
2442,8,190.21387314796448
2443,8,190.2922179698944
2444,8,190.368748664856
2445,7,190.4457104206085
2446,5,190.52322816848755
2447,7,190.60074377059937
2448,6,190.67748713493347
2449,6,190.7555513381958
2450,6,190.8328647613525
2451,5,190.91309947967534
2452,5,190.9909279346466
2453,5,191.06804633140564
2454,5,191.145081281662
2455,5,191.22304582595825
2456,6,191.30071385701498
2457,5,191.37755727767944
2458,5,191.45597410202024
2459,5,191.52888941764832
2460,5,191.6069114208221
2461,5,191.6849255561829
2462,6,191.76243948936465
2463,6,191.8385650316874
2464,6,191.91593170166016
2465,5,191.99396085739136
2466,5,192.0710747241974
2467,5,192.1478977203369
2468,4,192.22467708587646
2469,4,192.30261969566345
2470,3,192.37913727760315
2471,3,192.4570596218109
2472,2,192.53422045707703
2473,2,192.6114203929901
2474,3,192.6894428730011
2475,2,192.7669672966004
2476,2,192.8429937362671
2477,3,192.92052721977242
2478,4,192.9981723427773
2479,4,193.0755722522736
2480,4,193.152596950531
2481,4,193.22977340221405
2482,4,193.3095633983612
2483,5,193.38719296455383
2484,5,193.46489310264587
2485,5,193.54191994667053
2486,4,193.61947441101074
2487,4,193.69706201553345
2488,4,193.7745716571808
2489,4,193.8505911827088
2490,4,193.9250178337097
2491,4,194.00206089019773
2492,3,194.07974092165628
2493,3,194.1570851802826
2494,3,194.23463106155404
2495,4,194.3116056919098
2496,4,194.3890810012817
2497,4,194.46645998954773
2498,4,194.5437343120575
2499,3,194.62140607833865
2500,4,194.69892239570612
2501,4,194.7764358520508
2502,4,194.852972984314
2503,4,194.93174397945404
2504,4,195.0079066753388
2505,4,195.0849061012268
2506,3,195.1619417667389
2507,3,195.2395958900452
2508,3,195.31691551208496
2509,3,195.39374351501465
2510,3,195.471244096756
2511,3,195.54843997955322
2512,3,195.62531542778007
2513,3,195.70708203315726
2514,3,195.7840294837952
2515,4,195.86037492752075
2516,4,195.93440866470337
2517,4,196.01193404197693
2518,4,196.0899634361267
2519,3,196.1670033931732
2520,3,196.24552536010745
2521,3,196.3211727142334
2522,3,196.39894127845764
2523,3,196.47548079490664
2524,3,196.5535182952881
2525,3,196.63103699684143
2526,3,196.70804715156555
2527,3,196.7864317893982
2528,3,196.86296963691711
2529,3,196.94125413894653
2530,3,197.01779985427856
2531,3,197.0951066017151
2532,4,197.1731352806092
2533,5,197.2504267692566
2534,4,197.32644701004028
2535,5,197.4049651622772
2536,5,197.48150849342343
2537,4,197.55892825126648
2538,4,197.63693952560425
2539,4,197.7174663543701
2540,4,197.7954955101013
2541,4,197.87253427505493
2542,4,197.95060777664185
2543,4,198.02744472026825
2544,4,198.1041803359985
2545,4,198.1821134090424
2546,4,198.25928676128387
2547,4,198.3352687358856
2548,4,198.4113004207611
2549,4,198.48931288719177
2550,4,198.5668520927429
2551,4,198.6432707309723
2552,4,198.71868062019348
2553,3,198.79745817184448
2554,4,198.87267446517944
2555,4,198.9501085281372
2556,3,199.0259072780609
2557,4,199.10490155220032
2558,4,199.1819243431092
2559,3,199.2589354515076
2560,3,199.3354570865631
2561,3,199.4128134250641
2562,3,199.49077701568604
2563,3,199.5673041343689
2564,3,199.6448254585266
2565,3,199.72285199165344
2566,3,199.8011124134064
2567,4,199.87812781333923
2568,4,199.955130815506
2569,4,200.03163146972656
2570,4,200.109169960022
2571,4,200.1862096786499
2572,4,200.26437908411026
2573,4,200.340656042099
2574,4,200.41910815238955
2575,4,200.49962496757507
2576,4,200.5761594772339
2577,4,200.65412092208865
2578,4,200.7276382446289
2579,4,200.80567979812625
2580,4,200.8821997642517
2581,4,200.9597165584564
2582,4,201.03630018234253
2583,4,201.1132664680481
2584,4,201.19080305099487
2585,4,201.2678258419037
2586,4,201.34584617614743
2587,4,201.4226541519165
2588,4,201.49962997436523
2589,4,201.5766477584839
2590,4,201.6541726589203
2591,4,201.73144006729126
2592,4,201.808699131012
2593,4,201.8852298259735
2594,4,201.96366953849792
2595,4,202.039834022522
2596,4,202.11761355400083
2597,4,202.195326089859
2598,4,202.27259600162506
2599,4,202.34947180747983
2600,4,202.4274954795837
2601,4,202.5079791545868
2602,5,202.584495306015
2603,4,202.6618230342865
2604,4,202.7393584251404
2605,5,202.81640338897705
2606,5,202.89481139183044
2607,5,202.9713363647461
2608,5,203.04882764816284
2609,5,203.12326006889344
2610,5,203.20042824745173
2611,5,203.2779471874237
2612,5,203.35496640205383
2613,5,203.43198251724243
2614,5,203.5091679096222
2615,5,203.58715319633484
2616,5,203.6637058258057
2617,4,203.74099493026733
2618,5,203.8180148601532
2619,4,203.89600706100464
2620,4,203.97332739830017
2621,4,204.0494873523712
2622,4,204.12664598226547
2623,4,204.2045383453369
2624,4,204.2820680141449
2625,4,204.35875725746155
2626,4,204.436279296875
2627,4,204.5121796131134
2628,4,204.5901291370392
2629,4,204.6666498184204
2630,4,204.7456750869751
2631,4,204.8220801949501
2632,4,204.901340007782
2633,4,204.9788627624512
2634,4,205.0562723278999
2635,4,205.13087344169617
2636,4,205.20886945724487
2637,4,205.28687971830362
2638,4,205.36302947998047
2639,4,205.4400563240052
2640,4,205.51757073402405
2641,4,205.595529794693
2642,4,205.6725516319275
2643,4,205.74950170516968
2644,4,205.8270275592804
2645,4,205.9050416946411
2646,4,205.9815535545349
2647,4,206.0600159168244
2648,5,206.13694586753846
2649,5,206.2145795822144
2650,5,206.2921051979065
2651,4,206.36814093589783
2652,4,206.4463074207306
2653,4,206.5233290195465
2654,4,206.60116004943848
2655,4,206.67879921197888
2656,4,206.7553192973137
2657,4,206.8312110900879
2658,4,206.91201186180115
2659,4,206.9895362854004
2660,4,207.06702423095703
2661,4,207.14405179023743
2662,4,207.2213516235352
2663,4,207.2993814945221
2664,4,207.3778657913208
2665,4,207.45368599891663
2666,4,207.5302138328552
2667,4,207.6077163219452
2668,4,207.68603682518005
2669,4,207.7635703086853
2670,4,207.8396933078766
2671,4,207.9142189025879
2672,4,207.9908676147461
2673,4,208.067568063736
2674,4,208.1453502178192
2675,4,208.2228736877441
2676,4,208.3001959323883
2677,4,208.3777153491974
2678,4,208.4542088508606
2679,4,208.53172326087952
2680,4,208.60869646072388
2681,4,208.68673515319824
2682,4,208.76452684402463
2683,4,208.8412618637085
2684,4,208.9188685417176
2685,4,208.99486804008484
2686,4,209.0733757019043
2687,4,209.1501996517181
2688,4,209.2272429466248
2689,4,209.30436897277832
2690,4,209.38137984275812
